date,tags
2011-02-27 22:12:57 GMT,"Fan Fiction, Kradam, Kris Allen, Adam Lambert, Hurt/Comfort, Friendship, Bromance, Romance, Rape Recovery, Understandings, wordcount: 1.000-3.000"
2011-02-27 06:49:00 GMT,"drabble, flashfiction365, hurt/comfort, prompt, robots, say it again, vignette, prose, scifi"
2011-01-28 18:45:46 GMT,"fanfiction recs, Sherlock, hurt/comfort, John Watson, someone needs hugs"
2011-01-17 11:40:26 GMT,"Glee, fanfiction, Kurt, Wes, hurt/comfort, fic rec"
2011-01-15 20:09:00 GMT,"30 Seconds To Mars, drama, hurt/comfort, jared leto, ofc, rated R, rated X"
2011-02-27 22:12:57 GMT,"Fan Fiction, Kradam, Kris Allen, Adam Lambert, Hurt/Comfort, Friendship, Bromance, Romance, Rape Recovery, Understandings, wordcount: 1.000-3.000"
2013-12-31 14:52:17 GMT,"rumbelle, once upon a time, angst, romance, hurt/comfort"
2013-12-31 00:14:41 GMT,"stony, get together, wall-e au, hurt/comfort, fluffy ending"
2013-12-30 20:38:03 GMT,"mtmte, tailgate, cyclonus, galvatron, hurt/comfort"
2013-12-30 19:08:36 GMT,"ao3, 4k, one shot, hurt/comfort, angst, fluff, uni au"
2013-12-29 09:58:19 GMT,"whump, hurt/comfort, dean winchester, hurt dean"
2013-12-29 05:36:40 GMT,"whump, hurt/comfort, bbc sherlock"
2013-12-27 02:37:00 GMT,"SPNfanfic, Dean Winchester, Castiel, hurt/comfort, college au, pre-destiel, sick!Dean, nephilimsgrace writes things"
2013-12-26 01:24:32 GMT,"fic rec, hurt!stiles, hurt/comfort, babbling!stiles, hypothermia, christmas, scott brotp, sheriff stilinski, preslash, winter, stiles pov, canon divergent, after season two, general, count: under 5k, one shot"
2013-12-24 06:48:00 GMT,"reality, hurt/comfort, one shot, masterpost, smut, larry fic rec, tumblr"
2013-12-24 03:51:57 GMT,"asks and answers, personal, hurt/comfort, hurt comfort, the psychology of comfort and why it's a clusterfuck for some people"
2013-12-22 20:21:05 GMT,"00q, quartermaster, skyfall, james bond, hurt/comfort, tw: past abuse, tw: abuse"
2013-12-22 18:43:28 GMT,"star trek, voyager, voyager fanfic, seven of nine, hurt/comfort, fanfic, when Seven regenerates she goes to Infinite Fun Space"
2013-12-20 20:49:44 GMT,"my fic, hunters, hurt/comfort, john/sherlock"
2013-12-20 03:36:32 GMT,"supernatural, destiel, bottom!dean, hurt/comfort, nc17, s8, s9, mpreg, numb!cas, BAMF!cas, asexual!cas, Valyria, Grey, fallen!cas, favorite, favorite sex scene"
2013-12-19 20:20:00 GMT,"hurt!sam, h/c, hurt/comfort, im 100% about this life, dont say sammy!verse or heart!verse bc son i live there, where do u think the need for more came from, oh and if cas is also there comforting and cuddling sam like w o w that is literally the most perfect thing, my needs as a fan fiction & hurt!sam addict"
2013-12-17 03:26:00 GMT,"chrisdanny, bravest warriors, hurt/comfort, jolly-little-miss-lablone, fanfic, obsidian writes"
2013-12-16 23:37:00 GMT,"Sam Winchester, hurt/comfort, SPN fan fic"
2013-12-16 20:28:00 GMT,"cockles, cockles fic, angst, hurt/comfort, slow burn, WIP, my fic"
2013-12-16 17:56:11 GMT,"tw: suicidal thoughts, christmas fic, johnlock, hurt/comfort"
2013-12-16 02:30:00 GMT,"hurt/comfort, larry fluff, larry angst, depressed!louis, protective!niall"
2013-12-15 08:11:00 GMT,"whump, whumpage, h/c, hurt/comfort"
2013-12-14 22:53:26 GMT,"ethanyar, almost human, jorian, hurt/comfort, kidnapping, prompt fill, almost husbands, Rudy is a BAMF, holy shit I'm on a roll, my fic"
2013-12-14 17:43:00 GMT,"star trek fic, kirk x mccoy, fic rec, kirk/mccoy, hurt/comfort, jim taking care of bones, anon reply"
2013-12-12 18:30:47 GMT,"fic rec, canon divergent, hurt!derek, hurt!stiles, hurt/comfort, derek pov, mates, derek cooks, stiles cooks, dereks emotional pain, journals, friends to lovers, evil alpha pack, season three, count: under 5k, not rated, one shot"
2013-12-11 10:51:00 GMT,"httyd, hurt/comfort"
2013-12-10 21:15:56 GMT,"whump, whumpage, fanfiction, hurt/comfort"
2013-12-09 21:31:00 GMT,"glee 5x08, hurt/comfort, I haven't seen it yet but ooh, my expectations have been raised, I have a feeling I am going to be sorely disappointed, pretty sure you've oversold it based on what I've heard in general, but srsly, ninety percent of the time people are triggered by Glee I end up loving the scene, and finding it rich and emotionally satisfying, p.s. I am listening to Promiscuous Girl right now and these lyrics seemed apt"
2013-12-09 00:35:00 GMT,"destiel, hurt/comfort, honey drabbles, destiel ficlet"
2013-12-08 18:30:45 GMT,"fic rec, canon divergent, after season two, mates, hurt/comfort, bruises, side berica, creepy peter, derek pov, pack, pack training, one shot, count: under 5k, not rated"
2013-12-05 23:28:00 GMT,"agents of shield, skyeward, hurt/comfort, feels, meta thoughts, teruel_a-witch, ohmycheese, vesperass writes things, one that katya fed with her excellent meta"
2013-12-05 20:00:55 GMT,"november bet, hurt/comfort, h/c"
2013-12-05 15:44:12 GMT,"fanfiction, Hurt/Comfort, angst, Fluff, it just hurts and i dont know why"
2013-12-05 03:42:00 GMT,"MegaStar fanfic, Hurt/comfort, romance, TF g1, TEARS, ficlet, slash"
2013-12-04 06:39:00 GMT,"sansan, sansan fanfiction, sandor clegane, sansa stark, hurt/comfort, tw: attempted rape, tw: violence, does a asoiaf fic really need a violence trigger warning?, I'm putting it anyways, just to be safe"
2013-12-04 04:40:00 GMT,"naruto, Naruto fanfiction, HidanxOC, Hurt/comfort"
2013-12-04 03:07:00 GMT,"one shot, hurt/comfort, masterpost, larry fic rec, au, angst, ao3"
2013-12-03 12:03:20 GMT,"just 'cause, hurt/comfort, supernatural, SamnDean"
2013-12-03 00:15:37 GMT,"stony, tw: mentions of suicide, tw: suicial thoughts, hurt/comfort, get togther, Tony needs a hug"
2013-12-02 01:35:23 GMT,"hurt/comfort, tropes, darcy lewis, help, suis malade"
2013-12-01 23:11:00 GMT,"hurt/comfort, mental illness, ptsd, tw: ptsd, tw: anxiety, tw: abuse"
2013-11-30 20:17:36 GMT,"fav, one shot, hurt/comfort, masterpost, larry fic rec, ao3"
2013-11-30 18:35:11 GMT,"sterek, au, under 50k, BAMF!Stiles, hurt/comfort, fluff, Happy Ending, humor, kid fic, slow build, weddings, OMC, OFC"
2013-11-30 16:20:28 GMT,"Naruto, fanfiction, Hidan, OC, hurt/comfort, Music, highschool, friendship, KonohaEleven, Depression"
2013-11-28 23:41:27 GMT,"ot5, ot5 liam centric, liam centric, mature, hurt/comfort, fic rec, ficrec, ot5 ficrec"
2013-11-28 20:21:32 GMT,"sterek, au, under 15k, futurefic, hurt/comfort, angst, BAMF!Stiles, pining, switchPOV, violence, Happy Ending"
2013-11-27 20:21:57 GMT,"sterek, under 5k, Fox!Stiles, hurt/comfort, mates, mpreg, established relationship, KidFic, pack fic, canon divergence"
2013-11-27 14:34:24 GMT,"prose, drabble, angst, hurt/comfort, dead, manipulation"
2013-11-25 11:55:00 GMT,"ayakashi, ayakashi ghost guild, ayakashi: ghost guild, hurt/comfort, drabble"
2013-11-23 21:04:00 GMT,"shirogane no ou, hurt/comfort, bodyguards, i know exactly one other person in this fandom, self-indulgence is my second name, babiessss, november bet"
2013-11-23 18:50:00 GMT,"destiel, dean winchester, castiel, hurt/comfort, fanfic, destiel fanfic, archive of our own, supernatural, my fic, fluff, smut, fluff and smut, cas"
2013-11-18 03:50:47 GMT,"destiel, fanfiction, supernatural, love, hurt/comfort"
2013-11-18 02:11:43 GMT,"sherlock, omegle, sherlock rp, johnlock, hurt/comfort, I make a halfway decent john if I do say so myself, ahhh Iw ould give anything to find this person again and continue where we left off, please tell me you didn't leave because of what I said, it was meant to be in character, because john's always like 'what do you need me for' and sherlock's like 'it was convenient', but the subtext says 'i like u ok now shuddup', wahhh"
2013-11-17 02:12:49 GMT,"ilarual, hurt/comfort, sfw, Mercury Soul"
2013-11-14 01:20:29 GMT,"Wincest, hurt/comfort, migraines, Sam Winchester, Dean Winchester, spn"
2013-11-13 04:22:00 GMT,"Dusty fic, because WHAT HAPPENED during the night that Dean and Cas were together before Dean drove Cas to his job in the morning??, Dusty asks the burning questions, hurt/comfort, yessss, Supernatural spoilers, 9x06"
2013-11-12 00:03:12 GMT,"whump, whumpage, hurt/comfort, h/c"
2013-11-11 22:07:32 GMT,"AO3, original fiction, original work, nanowrimo, hurt/comfort"
2013-11-11 16:24:00 GMT,"bencutio, i'm so sorry i don't even know what i'm doing, but i couldn't help myself, hurt/comfort, my fic, sky writes"
2013-11-10 02:10:54 GMT,"mercury soul, hurt/comfort, sfw, character death cw"
2013-11-08 15:01:02 GMT,"wild kratts, chris kratt, kate corcovado, one shot, hurt/comfort, family, sweet"
2013-11-07 17:04:30 GMT,"hurt/comfort, death, charactor death, illness, sickness, cancer, sad ending, sad"
2013-11-06 08:58:00 GMT,"hurt/comfort, fiction, Jeff and Jim, In NO way my best work and that's sad, MAY RE-WRITE THAT, This needed to be posted though"
2013-10-31 18:20:00 GMT,"our-girl-friday, treats, mcfassy, hurt/comfort, eventually comfort anyway"
2013-10-29 06:24:00 GMT,"hurt/comfort, Jeff Winger, Carrie White, Carrie, Carrie 2013, YouWillKnowHerName, silvertonguedlawyer, fiction, embrace, Embrace"
2013-10-29 01:16:49 GMT,"sterek, hurt/comfort, fluff"
2013-10-27 23:30:00 GMT,"meg giry, christine daae, poto, phantom of the opera, hurt/comfort, fire walk with me, phanfic, crossover"
2013-10-27 20:05:29 GMT,"punk!louis, flowerchild!harry, fluff, hurt/comfort"
2013-10-27 14:53:30 GMT,"teen wolf, fanfic, hurt/comfort"
2013-10-27 14:27:00 GMT,"snarry, hurt/comfort, Harry Potter, severus snape, fan art"
2013-10-26 11:58:51 GMT,"eatingdisorder!harry, fave, au, abuse, hurt/comfort"
2013-10-25 02:26:00 GMT,"Not Rated, LycanLover, Hurt/Comfort, fluff, cuddle time with the alphas, teen wolf, teen wolf fanfiction, Sterek"
2013-10-25 01:17:05 GMT,"sterek, aftercare, hurt/comfort, librarian's choice, bottom derek"
2013-10-24 17:06:45 GMT,"sterek, hard angst, hurt/comfort, 5+1 fic, 5 plus 1 fic"
2013-10-24 16:24:00 GMT,"Dusty fic, cw suicide attempt, DeanCas, post-9x03, hurt/comfort, I'm so happy with this one you have no idea, 9x03"
2013-10-23 16:04:00 GMT,"gakuen alice, oneshot, angst, hurt/comfort, tragedy, masachika shiki, azumi yuka, sakura mikan, hyuuga natsume"
2013-10-23 13:14:44 GMT,"stony, get together, hurt/comfort, angst then fluff, added team"
2013-10-22 17:43:00 GMT,"mass effect, feron, m!shep, hurt/comfort, fanfic, evith writes things, me"
2013-10-21 19:48:31 GMT,"sterek fic rec, cab, canon divergence, hurt/comfort, teen and up, 50k - 70k"
2013-10-21 04:06:00 GMT,"earthdragon1, deancas, destiel, hurt!dean, hurt/comfort, drabble"
2013-10-20 23:38:00 GMT,"hermann gottlieb, newton geiszler, fanfiction, newmann, hurt/comfort, inspired by art, sohoartist"
2013-10-18 19:22:52 GMT,"supernatural, destiel, hurt!dean, hurt/comfort, someone PLEASE, writing, fanfiction"
2013-10-18 16:09:00 GMT,"sterek fic rec, canon divergence, deaf!derek, hurt/comfort, 10k - 50k, teen and up"
2013-10-17 03:25:45 GMT,"random thoughts, hurt/comfort, fanfics, love"
2013-10-17 01:50:44 GMT,"restart the heart you gave me, author: crucios, pairing: liam/louis, non au, hurt/comfort, warning: self harm, warning: depression, fic rec, wordcount: 10k to 50k"
2013-10-16 14:22:40 GMT,"sterek, post season 3A, mental illness, hurt/comfort"
2013-10-16 13:39:02 GMT,"supernatural, destiel, fic rec, hurt/comfort, human!cas"
2013-10-16 11:30:00 GMT,"supernatural, destiel, hurt/comfort, angst, humor, jealous!Dean, robots, robot!cas, FAVORITE, slow build, epic, au, komodobits, C-S-T-L, r"
2013-10-15 21:10:32 GMT,"build a nest for us to sleep in, author: blackwayfarers, pairing: liam/louis, non au, hurt/comfort, fic rec, wordcount: 10k to 50k"
2013-10-15 18:26:03 GMT,"johnlock, fanfiction, BBC Sherlock, hurt/comfort, ao3"
2013-10-15 09:45:36 GMT,"prompt fill, steter, peterstiles, nuci-girl, hurt/comfort, slight mentions of torture, kidnapping aftermath, mar tried writing"
2013-10-14 22:21:30 GMT,"my love is as a fever, author: harrietvane, pairing: liam/louis, non au, hurt/comfort, fic rec, wordcount: 10k to 50k"
2013-10-13 14:54:49 GMT,"drabble, ayakashi ghost guild, ayakashi, ayakashi: ghost guild, hurt/comfort, divina"
2013-10-12 13:02:37 GMT,"silver fox saturday, My fic, johnstrade, hurt/comfort"
2013-10-11 14:58:34 GMT,"Breaking Bad, Bryan Cranston, Aaron Paul, hurt/comfort, Walter White, Jesse Pinkman, walt x jesse"
2013-10-11 10:12:43 GMT,"date masamune, sanada yukimura, sengoku basara, datesana, hurt/comfort"
2013-10-11 04:23:40 GMT,"deancas, destiel, hurt/comfort, please it's like the sweetest thing, drabble, sigh"
2013-10-09 18:09:00 GMT,"Bucky Barnes, Clint Barton, Natasha Romanov, Fanfiction, hurt/comfort, feels, oh why do I do this to my beloved characters..."
2013-10-09 01:16:50 GMT,"sterek, hurt stiles, hurt/comfort, back from the dead, werewolf stiles, hunters"
2013-10-06 16:45:00 GMT,"newsies, javid, hurt/comfort, jack kelly, david jacobs, tw character death, nobodytoldthehorse"
2013-10-02 13:44:00 GMT,"fanfiction, fanfic rec, destiel, sabriel, hurt/comfort, slash, SPN fanfic, destiel fanfic, sabriel fanfic"
2013-10-01 06:01:26 GMT,"Hours Of Folly, veronamay, Johnlock, 900+ words, hurt/comfort"
2013-10-01 01:17:16 GMT,"sterek, hard angst, hurt/comfort, hurt stiles, derek feels, jennifer blake"
2013-09-29 06:33:01 GMT,"teen wolf, scisaac, mine, hurt/comfort, self-harm"
2013-09-29 03:41:54 GMT,"Gamzee Makara, Karkat Vantas, GamKar, Splickedydoodles, hurt/comfort, TW: blood, blood, He's not gutted or anything he's just bleeding a lot, and nastily bruised, what happened to him?, we just don't know., :/, ~Special Grey Snowflake~, Splickedywrit"
2013-09-28 17:54:11 GMT,"Kogan, Not Mine, Hurt/Comfort, Drama, Spanish"
2013-09-28 00:26:44 GMT,"Cabin Pressure, Martin Crieff, Arthur Shappey, Cabin Pressure Fic, Hurt/Comfort"
2013-09-27 19:39:21 GMT,"prucan, prucan canon, prucan complete, prucan m, hurt/comfort, romance"
2013-09-27 19:02:57 GMT,"fic rec, childhood friends, magic!stiles, anchor, hurt/comfort, bed sharing, scent marking, werewolf reveal, preslash, hale family, time lapse, scott brotp, jackson brotp, bamf!stiles, artist!derek, high school, lydia brotp, danny brotp, clothes sharing, teen!derek, young!stiles, best friends, teen up, count: under 50k, series wip, one shot"
2013-09-26 03:46:20 GMT,"hurt!derek, hurt/comfort, if you like hurt stiles this is for you, seriously, angst and feels, hurt!stiles"
2013-09-25 22:34:00 GMT,"caaron, caaron philstopherson, bee uses her words, hurt/comfort, disturbancedive, i hope you're tracking your new url mister, also hi guys, i'm not dead, maybe"
2013-09-22 20:15:00 GMT,"klaine, klaine fic, my fic, future!fic, hurt/comfort, character death, kids, echo, fic:echo"
2013-09-22 19:15:00 GMT,"ANON, Y U AWSOME, destiel, hurt/comfort, supernatural, reply, laura gets personal, for lamppu, sort of, i guess, gghöööp"
2013-09-22 14:30:53 GMT,"hurt/comfort, hurt/complain, writing, writer, doctor"
2013-09-21 07:37:32 GMT,"britpick, Cabin Pressure, Martin Crieff, Arthur Shappey, Hurt/Comfort"
2013-09-20 18:31:16 GMT,"avengers, natasha romanov, loki, hurt/comfort, smut, dom/sub, mention of suicide, aftermath of torture, fic rec, fanfic, fic, marvel"
2013-09-20 14:02:00 GMT,"usuk, usuk au, usuk t, angst, hurt/comfort, usuk illness"
2013-09-18 06:01:33 GMT,"usuk, usuk complete, usuk au, hurt/comfort, romance, usuk t, usuk criminal"
2013-09-17 16:04:10 GMT,"McDanno, hurt/comfort, Tkeyla"
2013-09-13 20:48:00 GMT,"stileskolpathswriting, sterek, hurt/comfort, mates!au, canon divergence, temporary character death, THE SHIP THAT PUSHED ME OFF THE WORLD'S BIGGEST CLIFF AND SHATTERED MY WHOLE HEART AND BODY INTO PIECES, oh god this took so long to write, i hope it isn't terrible, happy birthday bubbles, stileslovesderek, now i'm going to sleep because holy shit tired, eternalsterek, operation positivity"
2013-09-13 10:02:00 GMT,"usuk, usuk complete, usuk au, usuk k, hurt/comfort, tragedy, usuk illness"
2013-09-12 17:46:01 GMT,"Jim Kirk rp, Star Trek rp, Star Trek aos, Jim Kirk, Hurt/Comfort, outofmyseat, rp"
2013-09-11 21:16:00 GMT,"drawing lark, Life on Mars, Sam Tyler, Gene Hunt, hurt/comfort, h/c, sam/gene, LoM art"
2013-09-11 02:08:37 GMT,"cw: self harm, hurt/comfort"
2013-09-10 12:54:16 GMT,"stony, SUPERHUSBANDS, superfamily, Protective!SteveandTony, hurt/comfort"
2013-09-10 06:01:38 GMT,"Galapogos, burninganchors, Johnlock, 8000+ words, hurt/comfort, romance"
2013-09-10 02:05:42 GMT,"doctor who, supernatural, fic rec, hurt/comfort, i know that not a catagory but it fits so its staying, i guess its angst/fluff"
2013-09-09 21:23:14 GMT,"tiptoeing through the ashes, johnlock, ao3, angst, hurt/comfort, au, war, fantasy lands, slow burn story, sherlock holmes, john watson, molly hooper, greg lestrade, mary morstan, first fic for fandom, mikahaeli8, mikasoze"
2013-09-09 17:02:00 GMT,"fanfic, once upon a time, red snowing, emma swan, hurt/comfort, OT3, mintgreenish, fluff, mickeysam"
2013-09-09 10:02:23 GMT,"prucan, prucan canon, prucan t, romance, hurt/comfort"
2013-09-08 05:18:39 GMT,"stargate atlantis, elizabeth weir, john sheppard, hurt/comfort, kiss"
2013-09-07 20:07:27 GMT,"sterek, au, sentinels, soft angst, hurt/comfort, mates, police officers, librarian's choice"
2013-09-05 21:49:09 GMT,"sterek, teen wolf, 1K, hurt comfort, hurt/comfort"
2013-09-05 20:59:38 GMT,"sterek fanfic, sterek, sterek cuddles, hurt/comfort, angsty fluff"
2013-09-05 06:21:00 GMT,"destiel, destiel fic, fanfic, hurt/comfort"
2013-09-05 04:05:41 GMT,"destiel, deancas, hurt/comfort, fluff, yay, actually kinda proud of this one"
2013-09-04 21:45:53 GMT,"johnlock, multi-chapter, hurt/comfort, pre-slash, Post-Reichenbach, hurt!Sherlock, angst, BAMF!John, doctor!John, rated T, I Will Take Care of You, SailorChibi, protective!John, slash"
2013-09-04 21:12:00 GMT,"sterek, hard angst, hurt stiles, stilinski family feels, hurt/comfort, harris"
2013-09-03 02:56:33 GMT,"joe jonas, self harm, jonasbrothersfanfiction, hurt/comfort"
2013-09-02 06:35:42 GMT,"whump, whumpage, hurt/comfort, h/c"
2013-09-02 05:15:00 GMT,"meggy's spirk recs, 100k plus, nc17, hurt/comfort, space husbands, kirk, spock, spirk, trigger warning, five star, slow build"
2013-09-02 01:56:26 GMT,"RinHaru, Free!, fanfiction, hurt/comfort, slight angst, tw: panic attack"
2013-08-31 14:32:00 GMT,"fluff, angst, hurt/comfort, more than you know, yourmumismymistress, ugh, im sorry if this is bad, mtyk, actually okay with this?, im a major geek as you can tell, especially with books okay, Phanfic, phan, phanfiction, phanfic"
2013-08-30 16:47:00 GMT,"jason todd, tim drake, jaytim, hurt/comfort, still unfinished"
2013-08-30 16:43:38 GMT,"summermystradeexchange, kazvl, fluff, mystrade, hurt/comfort"
2013-08-29 22:51:08 GMT,"tim drake, jason todd, jaytim, unfinished, hurt/comfort"
2013-08-28 00:30:27 GMT,"scisaac, hurt/comfort"
2013-08-27 22:31:38 GMT,"Teen wolf, Scott McCall, stiles stilinski, hurt/comfort, fanfiction, prompt, PLEASE WRITE THIS"
2013-08-27 20:03:00 GMT,"welcome to night vale, cecil/carlos, slash, hurt/comfort, episode coda, fanfiction, complete, rating:nc17, ao3, length:short, communication"
2013-08-26 22:14:43 GMT,"stony, angst, possibly a little triggery, hurt/comfort"
2013-08-26 05:19:00 GMT,"johnlock, hurt/comfort, fanfiction, fic rec"
2013-08-26 01:39:00 GMT,"sterek, feral derek, hard angst, hurt/comfort, fandom favorite, librarian's choice"
2013-08-25 22:59:00 GMT,"mystrade, mycroft holmes, greg lestrade, john watson, hurt/comfort, post-coital, humour, embarrassment, prompt fill, domestic"
2013-08-24 23:24:00 GMT,"supernatural fanfiction, sick!dean, sick!sam, hurt/comfort, fanfiction, supernatural, spn, ImagineRPSupernatural, imaginerpsupernaturalfanfiction, ImagineRPfanfiction, Bobby Singer, Dean Winchester, Sam Winchester, teenchesters, weechesters, family doesn't end with blood"
2013-08-23 07:20:33 GMT,"The Heart In The Whole, verityburns, Johnlock, 100000+ words, hurt/comfort, romance"
2013-08-23 03:53:00 GMT,"larry, louis other, hurt/comfort, angst, au, fluff, Nur, Shayla"
2013-08-22 14:00:00 GMT,"exo, baekyeol, broken!Jongbaek, hurt/comfort, kind of romance, some1 stop me"
2013-08-21 11:40:20 GMT,"solitude, angst, hurt/comfort, scotty/bones, scones, owl fics, 50 themes challenge, star trek into darkness, stxii, montgomery scott, scotty, leonard mccoy, bones, mccoy, star trek, fic, fanfic, fanfiction, drabble, star trek fic, scones fic, mcscotty"
2013-08-21 09:27:50 GMT,"supernatural, destiel, hurt/comfort, bottom!dean, top!cas, saltandbyrne, creature!cas, nc17, amnesia, au, fantasy au, favorite sex scene"
2013-08-20 14:02:00 GMT,"destiel, deancas, supernatural, hurt/comfort, fanfiction, the talk to me project"
2013-08-20 10:40:53 GMT,"Comfortable, supermusicmad, Johnlock, hurt/comfort"
2013-08-20 09:08:43 GMT,"melancholy minus its charms, nefariosity, Johnlock, hurt/comfort, 2000+ words"
2013-08-19 06:59:12 GMT,"Teen Wolf, Sterek, Sterek fanfiction, Hurt/comfort, Gonna be great!!!!, Kinda smutty"
2013-08-18 04:07:57 GMT,"sad, angst, fluff, hurt/comfort, imagine your otp"
2013-08-17 16:22:38 GMT,"A New Kind of Communication, tartanfics, Johnlock, 10000+ words, hurt/comfort"
2013-08-16 20:33:27 GMT,"destiel, destiel fanfiction, angst, bunker!fic, hurt/comfort, sort of, fallen!cas, me, spn"
2013-08-16 17:52:48 GMT,"supernatural, destiel, fallen!cas, hurt/comfort, nc17, angst, fluff, winnywriter, human!cas, favorite sex scene"
2013-08-16 08:45:31 GMT,"myreclist, Destiel, alternate universe, ballet, hurt/comfort, cute fic, Dancer Dean Winchester, Photographer Castiel"
2013-08-16 00:11:39 GMT,"trigger warning, assault, hurt/comfort"
2013-08-15 19:43:00 GMT,"larry, angst, abuse, hurt/comfort, au, Nur"
2013-08-13 18:24:58 GMT,"sterek, teen wolf, actual wolf!derek, actual wolf!stiles, hurt/comfort, rated teen +"
2013-08-13 18:04:00 GMT,"amazingphil, imagine, phil lester, hurt/comfort, fluff and stuff"
2013-08-12 20:19:20 GMT,"Mystrade, Mycroft Holmes, Greg Lestrade, angst, hurt/comfort, BBC Sherlock"
2013-08-12 19:19:00 GMT,"larry, au, other, angst, hurt/comfort, Nur, mindfuck, Shayla"
2013-08-12 06:27:00 GMT,"larry, partial reality, angst, hurt/comfort, fluff"
2013-08-11 02:14:15 GMT,"personal, im pathetic, prompts, bored, hurt/comfort, if you do, ignore if you want, sorry, ugh, its late, give me credit, shit no its not, im lonely"
2013-08-09 21:19:00 GMT,"grub kelp, grub kelp fanfiction, hurt/comfort, drabble, no pairing, k+ rating, under 1k words, fanfiction"
2013-08-09 17:34:20 GMT,"supernatural, destiel, angst, hurt/comfort, favorite, s8, coda, Anythingtoasted, ficlet"
2013-08-08 08:48:54 GMT,"sterek, feral behavior, violence, hurt/comfort, aftermath of torture, protectiveness, teen wolf"
2013-08-04 23:19:02 GMT,"teen wolf, sterek, hurt/comfort, one shot, 25k, fanfiction, fic rec, amnesia"
2013-08-03 19:16:45 GMT,"stony, SUPERHUSBANDS, superfamily, I accidentally angst, hurt/comfort"
2013-08-03 16:04:45 GMT,"McDanno, hurt/comfort, angst, shinysylver"
2013-08-02 21:02:12 GMT,"mystrade, mycroft holmes, greg lestrade, angst, hurt/comfort, smut"
2013-08-01 01:39:46 GMT,"headcanon, raoul/christine, post events, hurt/comfort"
2013-07-31 23:03:24 GMT,"mystrade, mycroft holmes, greg lestrade, angst, hurt/comfort, kissing, first time, pre-smut"
2013-07-31 18:32:00 GMT,"larry, hurt/comfort, fluff, smut, angst"
2013-07-30 21:55:00 GMT,"mystrade, mycroft holmes, greg lestrade, angst, hurt/comfort, sherlock holmes, john watson, pre-smut"
2013-07-30 16:04:00 GMT,"larry, domestic, abuse, hurt/comfort, au"
2013-07-30 09:13:00 GMT,"30k, teen and up, hurt/comfort"
2013-07-29 23:51:11 GMT,"headcanon, ooc, raoul/christine, fluff, hurt/comfort"
2013-07-29 17:18:01 GMT,"Bat-lady desperatly looks for non smut fanfics, Hannibal, hurt/comfort"
2013-07-29 06:45:00 GMT,"welcome to night vale, night vale, hurt/comfort, carlos, i swear this is the last one, carlos the scientist, cecil/carlos, fanfiction, not my fic"
2013-07-28 15:18:00 GMT,"louis/harry, larry, angst, hurt/comfort, reality"
2013-07-28 01:12:59 GMT,"hurt/comfort, sterek, teen wolf, 20K, abuse, abused!stiles, police officer!derek, protective!derek"
2013-07-26 21:17:57 GMT,"hannibal nbc, hannibal/will, omegaverse, au, hurt/comfort, guardian angel verse, wwi"
2013-07-24 23:07:28 GMT,"Thilbo, bagginshield, hurt/comfort, fluff, my fic"
2013-07-23 20:51:18 GMT,"Hannibal, Hurt/comfort, fanfiction"
2013-07-23 08:03:54 GMT,"sterek, slow build, hurt/comfort, teen wolf, i'm crying"
2013-07-20 21:06:00 GMT,"j2, j2 fic recs, hurt/comfort"
2013-07-18 21:33:30 GMT,"Dean Winchester, Sam Winchester, John Winchester, Angst, Hurt/Comfort, Adventure, Hunting"
2013-07-18 19:17:00 GMT,"Aidean, hurt/comfort, prompt fill, my writing, Anon"
2013-07-17 12:43:46 GMT,"poetry, rizzles, hurt/comfort, fanfiction, reviews"
2013-07-16 13:32:00 GMT,"Aidean, prompt fill, my writing, fic, hurt/comfort, Anon"
2013-07-16 02:57:16 GMT,"moonday, teen wolf, hurt/comfort"
2013-07-14 18:30:57 GMT,"fic rec, avengers, phil coulson, clint barton, hurt/comfort, ptsd, nightmares, fic, fanfic, marvel"
2013-07-13 03:21:19 GMT,"cc answers, on writing, DO THE FUCKING RESEARCH, hurt/comfort, this shit matters, rebloggable by request"
2013-07-13 02:49:00 GMT,"cc answers, on writing, DO THE FUCKING RESEARCH, hurt/comfort, greywatch"
2013-07-11 19:49:07 GMT,"cc answers, on writing, do the fucking research, hurt/comfort, selenaestella"
2013-07-11 18:02:30 GMT,"usuk, fluff, hurt/comfort, canonverse, complete, one shot, sfw, aph england, aph america, aph, aph fic rec, tales-of-england"
2013-07-10 11:31:58 GMT,"Dean/Cas ficrecs, Destiel, romance, hurt/comfort"
2013-07-08 23:46:00 GMT,"sometimes I write fic, destiel, hurt/comfort, kinda adorable?, cuddling?, i only write shit like this when i'm angsty in rl, enjoy"
2013-07-08 16:15:15 GMT,"destiel, bottom!dean, hurt!dean, hurt/comfort, supernatural, request, laura gets personal, anxiety, depression"
2013-07-07 22:30:00 GMT,"rome/england, human/england, historical, angst, hurt/comfort, canonverse, multichapter, complete, sfw, aph, aph fic rec, aph england, tales-of-england"
2013-07-07 10:30:00 GMT,"fruk, canonverse, historical, hurt/comfort, multichapter, complete, sfw, aph england, aph france, aph, aph fic rec, tales-of-england"
2013-07-06 21:31:16 GMT,"mystrade, mycroft holmes, greg lestrade, hurt/comfort, fluff, prompt fill, first kiss"
2013-07-03 22:42:00 GMT,"ellasficrecs, stfics, action/plot, hurt/comfort, space husbands fic"
2013-07-03 14:48:00 GMT,"dirkroxy, fic, hurt/comfort, angst, homestuck"
2013-07-02 18:31:15 GMT,"fic rec, avengers, hurt/comfort, tony stark, steve rogers, natasha romanov, clint barton, bruce banner, thor, phil coulson, maria hill, nick fury, pepper potts, angst, aftermath of bullying, aftermath of mind control, jarvis, fic, fanfic, marvel"
2013-07-01 23:42:56 GMT,"integral to survival, asocialfauxpas, sterek, hurt/comfort, kidnapping, feels, bonding time, teen wolf, 8529"
2013-07-01 09:15:00 GMT,"sasusaku, fanfiction, angst, hurt/comfort, complete, canon, requested"
2013-06-30 11:03:18 GMT,"ayakashi, ayakashi ghost guild, ayakashi: ghost guild, hurt/comfort, drama, oneshot, prose"
2013-06-30 02:16:00 GMT,"trenchcoatwings, my writing, fic, destiel, hurt/comfort, fluff, songfic"
2013-06-28 20:24:00 GMT,"Chanyeol, Kyungsoo, Chansoo, Fluff, hurt/comfort, Oneshot, favorite"
2013-06-28 05:38:59 GMT,"Zianourry, Liam Cenric, Fluff, Slight angst, hurt/comfort, Fanfic, One Direction Fanfic, One Direction, Zianourry Fluff, Zianourry Fanfic, Liam Payne, Niall Horan, Louis Tomlinson, Harry Styles, Zayn Malik, comfort, prompt, One-shots"
2013-06-24 02:14:00 GMT,"stiles stilinski, derek hale, sterek, hurt/comfort, hurt!stiles, writing, fanfiction"
2013-06-23 18:30:53 GMT,"fic rec, avengers, bruce banner, darcy lewis, hurt/comfort, angst, tony stark, jane foster, clint barton, betty ross, maria hill, steve rogers, natasha romanov, fic, fanfic, marvel"
2013-06-22 17:16:34 GMT,"enjolras, grantaire, hurt/comfort, friendship, enjolras/grantaire"
2013-06-21 19:08:00 GMT,"Derek hale, Sterek, Teen wolf, hurt/comfort, stiles stilinski, fanfiction, writing"
2013-06-20 23:27:34 GMT,"johndave, davejohn, sick, hurt/comfort, Homestuck"
2013-06-20 20:03:37 GMT,"supernatural, hurt/comfort, dean h/c, dean winchester, meta, just my thoughts, spn s7, spn s8, counterintuitive things, no longer a tumblr virgin, SPN"
2013-06-20 08:14:43 GMT,"Hurt/comfort, berserk fanfic"
2013-06-19 00:33:00 GMT,"rotg, rise of the guardians, hurt/comfort, friendship, family, jack frost, bunnymund, tooth, north, sandy, rated t, family?, march posts, h4a writes things"
2013-06-19 00:30:00 GMT,"rotg, rise of the guardians, jack frost, bunnymund, hurt/comfort, friendship, rated k plus, a funeral of frost, march posts, h4a writes things"
2013-06-19 00:26:00 GMT,"rotg, rise of the guardians, jack frost, hurt/comfort, family, rated t for language, no maybe yes, march posts, h4a writes things"
2013-06-17 02:20:00 GMT,"i wrote something, destiel, deancas, fallen!cas, hurt/comfort, i uuuuuuh well lets just say its been a very long weekend, i apologize for not getting to those prompts! family and the neighborhood block party and father's day, you know how it goes, thanks for your understanding! please enjoy this short fluff in the meantime :3"
2013-06-17 00:19:28 GMT,"submit your fan fic, G, submission, angst, hurt/comfort, h/c, rose tyler, jackie tyler, tentoo, tentooxrose, rosextentoo"
2013-06-16 03:47:00 GMT,"teen wolf, my scrawl, hurt/comfort, the sheriff's name is john you can't make me think otherwise, this was so not beta read it's not even funny, it's 4 am here, nope 5 am, oh god did i just spend 3 hours writing this???, oh ha-ha"
2013-06-16 00:53:00 GMT,"30 day otp challenge, deancas, destiel, hurt/comfort, my fic, still not sure how i feel about this, also ask me about my browers search history for this, i get way too into research that rapidly becomes unecessary, but hey now i know the process of suturing"
2013-06-15 03:52:07 GMT,"lowoh, replies, sick fic, h/c, hurt/comfort"
2013-06-15 03:39:00 GMT,"answered, Asking for Asks, suck fic, hurt/comfort, grey, the power of grey"
2013-06-14 00:11:52 GMT,"hannibal, feminism, hurt/comfort, strong female characters"
2013-06-12 04:52:00 GMT,"m!a, ty lee, rp, ty zula, hurt/comfort"
2013-06-10 07:37:51 GMT,"Mavin, Creepgar, RageHappy, i write things, hurt/comfort"
2013-06-10 04:25:14 GMT,"marius pontmercy, courfeyrac, hurt/comfort, Les Miserables, barricades man, mywriting"
2013-06-10 01:04:42 GMT,"hurt/comfort, dn+angel, d.n.angel, daisuke, satoshi, dark, krad, angst, fanfiction, fanfic, challenge, day 1, all that i have"
2013-06-09 22:52:00 GMT,"avinash/dev, bombay talkies, spoilers, hurt/comfort, all up in this bitch, hjagsdjhgsahdjgahgsdiuygasjdhgajhsgduyagusydguas"
2013-06-09 01:20:13 GMT,"00Q, hurt/comfort, fluff, james bond, it will start to pick up very rapidly after this"
2013-06-08 20:31:00 GMT,"The Hole, CassandraHolly, McFly, Angst, Hurt/Comfort, TW: eating disorder, Dougie Poynter, tom-fletchers-booty, fanfiction, fanfiction recommendation"
2013-06-07 23:15:00 GMT,"the flutter effect, kevedd, eene, hurt/comfort, fic, the butterfly effect, teacher!Au"
2013-06-07 12:02:52 GMT,"McDanno, angst, hurt/comfort, SBG"
2013-06-07 02:32:12 GMT,"threes a crowd, downton abbey, thommy, selfcest, hurt/comfort, my fanfic, my fanfiction, thomas barrow"
2013-06-06 22:00:28 GMT,"00q, Skyfall, hurt/comfort, angst, fluff, mentions of past rape, mentions of past abuse"
2013-06-05 00:06:26 GMT,"im so sorry, hurt/comfort, star trek fanfic, star trek"
2013-06-03 13:00:47 GMT,"Gundam Wing, my art, bromance, hurt/comfort, injured, Quatre Wnner, Wufei Chang"
2013-06-03 01:52:00 GMT,"iholdbymywhimsy, oh hai tumblr how it go, hurt/comfort, fanfic funtimes, printer issues circumvent the inevitable heat death of the universe"
2013-06-02 12:02:55 GMT,"McDanno, Seal, angst, hurt/comfort, team ohana, case fic, kristen999"
2013-06-01 02:01:45 GMT,"Johnlock, Alternate Universe, Angst, Hurt/comfort, Mycroft, Sherlock, John Watson, Fanfiction, Sherlock Fanfiction, A Lonely September, Chapter 2"
2013-05-26 20:04:18 GMT,"McDanno, t_verano, angst, hurt/comfort"
2013-05-25 21:36:00 GMT,"problems? I dont have problems, this is my guilty pleasure okay, whump, whumpage, hurt/comfort, h/c"
2013-05-23 10:05:52 GMT,"teen wolf, sterek, drabble, hurt/comfort, i wish i had a derek to kiss it better, damn i can't feel my lips"
2013-05-19 17:57:14 GMT,"cabin pressure, hurt/comfort, fanfiction"
2013-05-19 17:15:19 GMT,"personal, sam/dean, sam/dean fic, hurt/comfort, hurt!sam, wincest"
2013-05-19 01:45:43 GMT,"degrassi, dtng, romance, hurt/comfort, Fiona Coyne, adam torres, fandam"
2013-05-18 04:11:00 GMT,"Mavin, RageHappy, i write things, hurt/comfort, fluff"
2013-05-18 00:38:00 GMT,"Tomax, Hurt/Comfort, Slight Jaythan"
2013-05-17 01:08:00 GMT,"Supernatural spoilers, 8x23, Dusty fic, DeanCas, hurt/comfort, hugging"
2013-05-16 19:39:00 GMT,"science boyfriends, science bros, fluff, hurt/comfort, trolling"
2013-05-15 06:33:00 GMT,"Mavin, RageHappy, i write things, angst, hurt/comfort"
2013-05-14 03:34:00 GMT,"caryl, caryl fanfiction, hurt/comfort, caryl prompt, yay, bullettimescully, caryl fanfic, carol and daryl, daryl and carol, carol, daryl, fanfiction, | caryl"
2013-05-14 00:56:00 GMT,"Naruto, Fanfiction, Family, Hurt/comfort, anime, manga, Sakura, Sasuke, Kakashi, Sasuke Uchiha, Sakura Haruno, Naruto Uzumaki, Kakashi Hatake, Love, icy's fanfiction"
2013-05-10 09:38:00 GMT,"percy/annabeth, percy/rachel, drama, hurt/comfort, oneshot, writing, r: k+"
2013-05-10 07:52:00 GMT,"percy/annabeth, percy/rachel, angst, hurt/comfort, r: k+, oneshot, writing"
2013-05-10 05:39:00 GMT,"Danvin, SlowMoHomos, RageHappy, hurt/comfort, i write things, milkygalaxy"
2013-05-10 04:32:19 GMT,"degrassi, angst, hurt/comfort, campbell saunders, maya matlin, mike dallas, clare edwards, eli goldsworthy, tori santamaria, alli bhandari, zig novak, Fiona Coyne, katie matlin, imogen moreno"
2013-05-09 19:21:29 GMT,"degrassi, angst, friendship, hurt/comfort, JT Yorke, campbell saunders, eli goldsworthy, clare edwards, Emma Nelson, Manny Santos, Sean Cameron, toby isaacs, Liberty Van Zandt, mike dallas, tori santamaria, tristan milligan, zig novak, maya matlin, Mia Jones, Jenna Middleton, becky baker, connor delaurier, Fiona Coyne, marisol lewis, mo mashkour, alli bhandari, alex nunez, Ellie Nash, danny van zandt, katie matlin"
2013-05-09 03:29:23 GMT,"dwcourtasan, the hour, bel/freddie, prompt fill, hurt/comfort, my writing"
2013-05-09 01:12:56 GMT,"steve rogers, tony stark, friendship, hurt/comfort, fanfiction"
2013-05-08 17:55:24 GMT,"my works, Merlin, Arthur, I miss Merlin so much, hurt/comfort, Just a small thing while I try to do coursework"
2013-05-08 02:52:12 GMT,"Narry, Angst, Niall Horan, Harry Styles, hurt/comfort, One Direction slash, fanfic, slight fluff, comfort, slash fanfiction, Narry angst, Narry fanfiction, prompt, one-shots"
2013-05-06 12:52:00 GMT,"writing, love, hurt/comfort, strong, long live"
2013-05-06 03:07:17 GMT,"swanqueen, fanfiction, smut, hurt/comfort, pleaseee"
2013-05-02 22:50:14 GMT,"gamtav, pbj, Chrissywritesshit, hurt/comfort, tw: bullying"
2013-05-02 03:54:00 GMT,"mahealahey, danny mahealani, hurt/comfort, and all ze fluffies, danny x isaac"
2013-05-01 01:18:53 GMT,"supernatural, fanfiction, fic, h/c, hurt/comfort, angst, winchester, sam, dean, sam winchester, dean winchester, Winchester, cw, hurt sam, Sam"
2013-04-30 23:17:00 GMT,"bruce banner fanfic, fanfiction, Avengers, bruce banner, hurt/comfort, reader, marvel"
2013-04-28 19:11:43 GMT,"Destiel, Dean/Cas ficrecs, hurt/comfort, family"
2013-04-28 18:38:00 GMT,"Destiel, Dean/Cas ficrecs, hurt/comfort, romance, timekiller"
2013-04-28 17:04:00 GMT,"Destiel, Dean/Cas ficrecs, romance, hurt/comfort"
2013-04-28 03:19:13 GMT,"wincest, hurt/comfort"
2013-04-26 05:53:33 GMT,"poem, poetry slam, hurt/comfort, orphanage"
2013-04-25 23:52:58 GMT,"teen wolf, derek/stiles, hurt/comfort"
2013-04-25 15:08:00 GMT,"10k, teen and up, angst, hurt/comfort"
2013-04-25 03:12:34 GMT,"*rips off shirt*, I, LOVE, HURT/COMFORT, i maek post, ok with ruetho it was kinda directly rues fault bUT SHE WAS BEING MANIPULATED BY HER ABUSIVE RAVENDAD"
2013-04-25 00:37:21 GMT,"text post, destiel, hurt/comfort, supernatural"
2013-04-23 22:15:50 GMT,"Merlin, Merthur, Arthur Pendragon, hurt/comfort"
2013-04-23 13:51:34 GMT,"Anonymous, john, sherlock, hurt/comfort, tgg, the great game, awww"
2013-04-23 13:50:23 GMT,"Anonymous, john, sherlock, hurt/comfort, tgg, the great game"
2013-04-23 13:49:23 GMT,"Anonymous, john, sherlock, hurt/comfort"
2013-04-22 14:19:59 GMT,"inception, arthur/eames, Mature (AO3), hurt/comfort, toomuchplor, fluff, bathing, Domestic"
2013-04-22 07:30:56 GMT,"hannibal fanfic, hannigram, fainting, hurt/comfort"
2013-04-21 21:25:00 GMT,"bennefrost, fanfiction, jack frost, jamie bennett, hurt/comfort, snuggling"
2013-04-21 14:15:37 GMT,"fic rec, sherlock bbc, sherlock holmes, john watson, hurt/comfort, fic, fanfic"
2013-04-21 04:13:35 GMT,"The Girlfriend Experience, nc17, pwp, hurt/comfort, destiel, destiel fic, destiel fanfic, destiel fic rec"
2013-04-20 17:06:00 GMT,"00q, aphasia, first time, slash, hurt/comfort, fluff"
2013-04-18 23:18:03 GMT,"teen wolf, fanfiction, derek/stiles, angst, hurt/comfort, mating_games, challenge"
2013-04-18 18:51:00 GMT,"mystrade, prompt fill, fluff, hurt/comfort"
2013-04-17 15:42:00 GMT,"00q, skyfall, hurt/comfort, h/c"
2013-04-16 19:21:05 GMT,"Hot Fuzz, hurt/comfort, hurt Nicholas, h/c library, video"
2013-04-16 15:31:30 GMT,"Gundam Wing, Endless Waltz, hurt Heero, hurt/comfort, h/c library, video"
2013-04-16 11:40:46 GMT,"Speed Racer, hurt Speed, h/c library, hurt/comfort, video"
2013-04-12 07:01:00 GMT,"mass effect 3, hurt Kaidan, hurt/comfort, h/c library, video, spoilers"
2013-04-12 06:29:00 GMT,"video, hurt Riku, Kingdom Hearts 2, spoilers, hurt/comfort, h/c library"
2013-04-12 05:07:00 GMT,"mass effect, h/c library, hurt Kaidan, hurt/comfort, video"
2013-04-10 03:50:58 GMT,"title: untitled, author: fandomiscoming, rating: pg-13, length: ficlet, hurt/comfort"
2013-04-09 11:36:21 GMT,"Glee, Faberry, Faberry Fanfiction, Angst, Hurt/Comfort, Romance, Suicide, Please read, Quinn Fabray, Rachel Berry, Brittana, Brittany Pierce, Santana Lopez"
2013-04-08 02:34:00 GMT,"ask, theriversongwho, BLESS YOUR HEART, hurt/comfort, destiel"
2013-04-07 22:45:52 GMT,"fic rec, avengers, loki, hurt/comfort, shapeshifting, cat, kid, thor, hulk, iron man, oc, hawkeye, fic, fanfic, marvel"
2013-04-02 09:26:00 GMT,"Gundam Wing, Quatre Winner, my art, Heero Yuy, hurt/comfort, injured, bromance"
2013-03-31 16:03:00 GMT,"merthur, canon era, angst, hurt/comfort"
2013-03-30 03:54:00 GMT,"Larry Stylinson, thelarryficplace, Drugs, Hurt/comfort, Angst, tragic/sad, Chaptered, HC, sad"
2013-03-28 14:00:29 GMT,"Gundam Wing, Quatre Winner, Heero Yuy, hurt/comfort, injured, bromance, my art"
2013-03-28 13:36:32 GMT,"short fic, romance, hurt/comfort, angst, danny phantom, submission"
2013-03-28 08:49:00 GMT,"long fic, hurt/comfort, angst, danny phantom, submission"
2013-03-28 06:24:52 GMT,"short fic, romance, hurt/comfort, danny phantom, submission"
2013-03-27 16:03:20 GMT,"merthur, hurt/comfort, au, father!merthur, angst"
2013-03-25 12:44:00 GMT,"fandom: the family business, ship: a more profound bond, kim plays: castiel, hurt/comfort, nightmares"
2013-03-24 04:01:00 GMT,"les mis fic, i can't think of a title, hurt/comfort, joly, bossuet"
2013-03-22 01:44:25 GMT,"fanfiction, riddler, batman, edward nigma, hurt/comfort"
2013-03-21 12:44:48 GMT,"delena, fanfics, DEfanfics, hurt/comfort, sirebond, tvdfanfics, damonandelena, angst, dalaric, sirebondmyass"
2013-03-19 16:57:00 GMT,"glee+fanfic, Puck, Blaine, Friendship, Hurt/Comfort, Angst, abuse"
2013-03-19 02:58:26 GMT,"fandom: by moffat and gatiss, ship: never even in the same scene, kim plays: greg lestrade, hurt/comfort, sick, fluff"
2013-03-19 00:58:39 GMT,"dick grayson, tony stark, hurt/comfort, i'm more into hurt/hurt, the more blood the better, they're so pretty when they bleeeeeed, yup totally still a crazy person"
2013-03-18 01:28:32 GMT,"fandom: the family business, ship: a more profound bond, kim plays: dean winchester, hurt/comfort"
2013-03-13 22:21:42 GMT,"the hobbit, fanfiction, thorin, hurt/comfort, durin family feels, character death"
2013-03-13 16:02:50 GMT,"merthur, au, hurt/comfort"
2013-03-12 22:12:29 GMT,"Warehouse 13, Bering and Wells, Fanfiction, Loss, Hurt/Comfort, hg wells, Myka Bering, AU, Multichapter"
2013-03-11 05:08:04 GMT,"fandom: the family business, ship: a more profound bond, kim plays: dean winchester, hurt/comfort"
2013-03-10 06:33:13 GMT,"fandom: the family business, ship: a more profound bond, kim plays: dean winchester, hurt/comfort, nightmares, romance, angst, fluff"
2013-03-10 01:35:42 GMT,"doctor who, torchwood, Emotional Hurt/Comfort, hurt/comfort, transformation, jack harkness, river song"
2013-03-08 03:45:50 GMT,"orific, romance, hurt/comfort"
2013-03-07 08:14:06 GMT,"Rizzles, Fanfiction, Rizzoli and Isles, Rizzoli and Isles fanfiction, Hurt/comfort, Romance, submission"
2013-03-07 00:16:00 GMT,"merthur, au, angst, hurt/comfort, triggering, self-harm, highschool"
2013-03-05 01:03:00 GMT,"Die Hard, persnickett, Teen (AO3), John McClane/Matt Farrell, hurt/comfort, first kiss"
2013-03-02 15:27:29 GMT,"White Collar, FanFiction rec, hurt/comfort, Matt Bomer, Tim DeKay"
2013-03-01 17:22:00 GMT,"Sherlock Holmes, John Watson, Johnlock, Greg Lestrade, hurt/comfort, tummy troubles"
2013-02-28 07:53:00 GMT,"fic rec, teen wolf, sterek, hurt/comfort, stiles stilinski"
2013-02-27 19:48:45 GMT,"aidean, fic it, hurt/comfort"
2013-02-27 09:32:23 GMT,"doctor who, fanfiction, my work, doctorxdonnaxmaster, hurt/comfort, romance, eot fixit"
2013-02-26 13:02:13 GMT,"fic rec, iron man, tony stark, obadiah stane, hurt/comfort, fic, fanfic, marvel"
2013-02-25 15:53:34 GMT,"Destiel, Dean/Cas ficrecs, hurt/comfort, romance"
2013-02-24 21:21:22 GMT,"Sterek, teen wolf, Fanart, hurt/comfort"
2013-02-24 03:08:43 GMT,"food, hurt/comfort, bleh"
2013-02-23 02:19:00 GMT,"221 colors and flavors, johnlock, hurt/comfort, sherlock-is-my-bby, cumberbabe2552, 221 format, ficlet, my own work, purple"
2013-02-21 00:54:10 GMT,"Teen Wolf, Stiles, Derek, hurt/comfort, fic recs, Sterek"
2013-02-17 14:41:39 GMT,"hurt/comfort, pain, itsokay, you will be fine, i promise"
2013-02-16 08:28:22 GMT,"sickfic, fanfiction, hurt/comfort"
2013-02-15 23:42:00 GMT,"fandom: all of time and space, ship: i believe in her, kim plays: rose tyler, hurt/comfort, fluff, angst, nightmares"
2013-02-15 13:02:15 GMT,"fic rec, avengers, tony stark, bruce banner, hurt/comfort, fic, fanfic, marvel"
2013-02-14 13:55:32 GMT,"ladyship, writing, a fluffy v-day thing, hurt/comfort, and something else, possibly about kolr, or sibling feels, or both, three is just the minimum"
2013-02-14 12:03:32 GMT,"angst, hurt/comfort, fanfiction"
2013-02-10 09:42:12 GMT,"wincest, roleplay, rp, clarrisani, hurt/comfort, submission"
2013-02-10 00:24:47 GMT,"klaine, spockishot, rated pg, angst, hurt/comfort"
2013-02-09 10:49:15 GMT,"shugo chara, mashiro rima, hurt/comfort, angst, drabble, prose, fanfiction"
2013-02-07 18:36:40 GMT,"Destiel, Dean/Cas ficrecs, hurt/comfort, romance, NC-17"
2013-01-30 08:05:00 GMT,"Destiel, Dean/Cas ficrecs, au, hurt/comfort, romance"
2013-01-30 07:59:00 GMT,"Destiel, fanfiction, Supernatural, h/c, hurt/comfort, gen, Castiel, whitefluffyhat, treesinginghobbit, broadwanime"
2013-01-30 07:38:51 GMT,"Destiel, Dean/Cas ficrecs, humor, hurt/comfort"
2013-01-28 01:57:46 GMT,"So i read something that prompted this, If you know Beyblade then you know what's gonna happen, Beyblade OC, Hurt/Comfort"
2013-01-22 17:05:57 GMT,"love, Quotes, saying, truth, hurt/comfort, Hurt, Afraid, pepleAfraid people"
2013-01-21 20:00:31 GMT,"Ouran High School Host Club, Hikaru Hitachiin, Haruhi Fujioka, Hurt/Comfort"
2013-01-21 13:29:00 GMT,"Gundam Wing, Quatre Winner, Wufei Chang, bromance, hurt/comfort, injured, my art"
2013-01-20 23:40:25 GMT,"fic rec, sterek, stilesderek, first kiss, hurt/comfort, outsider pov"
2013-01-20 21:58:00 GMT,"fandom: all of time and space, brotp: gotcha, kim plays: amy pond, hurt/comfort, fluff, angst, friendship"
2013-01-18 03:03:00 GMT,"00q, prompt fill, hurt/comfort"
2013-01-17 08:27:59 GMT,"Thilbo, Bagginshield, Hurt/Comfort, Fanfic, Fanfiction, Fic, ThilboBagginshield, Thilbo Bagginshield, Thorin x Bilbo, ThorinBilbo, Thorin Oakenshield, Bilbo Baggins"
2013-01-16 15:31:00 GMT,"supernatural, fic rec, gen, angst, hurt/comfort, hurt!Dean, Sam POV, post-purgatory!Dean"
2013-01-14 23:13:00 GMT,"fandom by moffat and gatiss, ship: never even in the same scene, kim plays: greg lestrade, hurt/comfort, fluff"
2013-01-12 05:20:00 GMT,"phan, phanfiction, phandom, hurt/comfort, angst, feels, heights, falling, Reichenbach fall, Reichenbach"
2013-01-12 02:44:00 GMT,"supernatural, fic rec, angst, hurt/comfort, hurt!Sam, the end, guilty!Dean"
2013-01-10 22:39:00 GMT,"fic rec, glee au, hurt/comfort, sick!fic, anorexic!kurt, bulimic!kurt, anorexic!klaine, bulimic!klaine"
2013-01-09 23:04:41 GMT,"filikili, bromance, feels, hurt/comfort, general, family, drama, kink meme, T, livejournal"
2013-01-06 20:20:00 GMT,"fanfiction, Jaime St. James, Kurt Hummel, Kume St. Hummel, hurt/comfort, My writing"
2013-01-03 20:54:23 GMT,"aidean, hurt/comfort, prompts"
2012-12-31 10:20:00 GMT,"hurt/comfort, durincest, fiki, prompts"
2012-12-30 11:45:00 GMT,"fandom: by moffat and gatiss, ship: never even in the same scene, kim plays: greg lestrade, hurt/comfort, tw: suicide, angst, ghost AU"
2012-12-30 04:50:40 GMT,"pewdiecry, smut, hurt/comfort"
2012-12-30 01:19:15 GMT,"Swarkles, hurt/comfort, HIMYM"
2012-12-30 00:01:25 GMT,"00q, 00q fanfiction, hurt/comfort, caretaking, sickness, fanfiction"
2012-12-29 20:32:40 GMT,"00q, fanfiction, Angst, hurt/comfort"
2012-12-27 08:42:00 GMT,"original, writing, not glbt, hurt/comfort, general, short story, story, yellow roses and broken roads"
2012-12-26 08:00:58 GMT,"Stiles/Derek, Sterek, teen wolf, romance, hurt/comfort, angst, Warning!Violence, rec, Fic, fanfiction, Smut, 18 rating"
2012-12-26 02:01:28 GMT,"once upon a time, fanfic, hurt/comfort, fluff, christmas, emma swan, snow white, Mary Margaret Blanchard"
2012-12-22 22:19:00 GMT,"prompt from last night, phan, phanfiction, phanfic, hurt/comfort, sickfic, phansickfics"
2012-12-21 07:57:00 GMT,"teenlock, johnlock, omegle RPing, fizzlewitz, hurt/comfort, cmon guyss in wanna rp"
2012-12-18 16:12:17 GMT,"hurt/comfort, goodnight mister tom"
2012-12-18 05:40:00 GMT,"fandom: by mofatt and gatiss, ship: never even in the same scene, kim play greg lestrade, tw: eating disorder, hurt/comfort, fluff, angst"
2012-12-18 02:09:00 GMT,"fandom: by mofatt and gatiss, ship: flatmate love, kim plays: john watson, hurt/comfort, angst, fluff"
2012-12-17 03:24:00 GMT,"fandom: by mofatt and gatiss, ship: flatmate love, kim plays: sherlock holmes, hurt/comfort, fluff"
2012-12-17 03:12:00 GMT,"fandom: by mofatt and gatiss, ship: flatmate love, kim plays: john watson, hurt/comfort, fluff"
2012-12-15 22:19:05 GMT,"fili, kili, thorin, hurt/comfort, fanfic"
2012-12-11 08:33:06 GMT,"teen wolf, fic rec, h/c, hurt/comfort, derek hale, Stiles, this!!"
2012-12-08 19:13:44 GMT,"bandom, Mikey/Gerard, waycest, angst, hurt/comfort, mental health, addiction, my fics"
2012-12-08 05:06:00 GMT,"spn, ptsd warning obviously, wincest, j2, hurt/comfort, reclist"
2012-12-06 14:57:00 GMT,"Harry Potter, Fanfiction, Harry Potter fanficiton, Hurt/Comfort, Colin Creevey, Dennis Creevey, Hermione Granger, Writing, Need to improve my writing"
2012-12-06 05:07:00 GMT,"courtney attempts to write, drabble repost idk, larry stylinson, hurt/comfort, fluff, larry stylinons fanfiction, hario and louigi, larry fanfiction, this is pure fluff idek"
2012-12-05 14:11:39 GMT,"My Story, love, Hurt/Comfort, Broken heart"
2012-12-05 02:01:03 GMT,"otp, welcome back, oneshot, G, hurt/comfort, fluff, billshido, Bill Kaulitz, Bushido"
2012-12-02 19:20:00 GMT,"johnlock gift exchange, gakukai, johnlock, Sherlock, hurt/comfort, fluff, My fic"
2012-12-02 15:53:11 GMT,"Darcy/Thor, Fan Fiction, Romance, Hurt/Comfort, Darcy Lewis"
2012-12-02 13:16:03 GMT,"Sherlock, BBC, Hurt/Comfort, FLuff, Friendship, rec list, fanfiction"
2012-12-01 21:02:15 GMT,"hurt/comfort, sterek, stiles stilinski, derek hale, teen wolf, feelings, emotions, romance, lead up, if there's one thing i believe in its queue"
2012-12-01 04:14:29 GMT,"Sherlock, BBC, Hurt/Comfort, Feels"
2012-11-30 06:56:00 GMT,"Sherlock, BBC, Fanfiction, rec list, hurt/comfort, whump"
2012-11-24 09:37:42 GMT,"supernatural, hurt/comfort, one-shots, fan fiction, plot bunnies"
2012-11-23 01:15:28 GMT,"thanks, sherlock, johnlock, fanfition, hurt/comfort"
2012-11-21 00:59:05 GMT,"one-shot, Yaoi, English, Hurt/Comfort, submission"
2012-11-19 02:36:20 GMT,"homestuck rp, rp request, open rp, hurt/comfort, seatrolls, homestuck rp request, adventure time rp request, adventure time rp, sugarless gum, marcibel"
2012-11-18 04:54:57 GMT,"supernatural, hurt/comfort, dean winchester, sam winchester"
2012-11-17 05:18:52 GMT,"ficlet, hurt/comfort, erikar"
2012-11-17 00:23:00 GMT,"ficlet, erikar, pesterlogs, hurt/comfort"
2012-11-16 16:26:35 GMT,"hurt/comfort, Drarry, HP, 40, Fic rec, fav"
2012-11-15 07:04:26 GMT,"larry stylinson, fanfiction, fanfic, hurt/comfort, louis tomlinson, harry styles, one direction, od, 1d"
2012-11-13 01:09:00 GMT,"sterek, trigger warning, Fanfiction, my fics, hurt/comfort"
2012-11-07 16:08:49 GMT,"Sherlock, sherlock fanfic, bbc sherlock, hurt/comfort, Doctor!John, sherlock fic rec"
2012-11-06 10:07:00 GMT,"Alice Baskerville, Drama, Gilbert Nightray, Hurt/Comfort, Oz Vessalius, Pandora Hearts, Sharon Rainsworth, Xerxes Break, OT3"
2012-11-03 14:40:50 GMT,"fluff, hurt/comfort, sterek, fic rec, k's feedback, scared!stiles, count: under 5k, teen up, one shot, inthesefourwalls"
2012-11-01 00:24:00 GMT,"Angst, Blaine Anderson, D/s, Hurt/comfort, Klaine, Kurt Hummel, a little story I've come up with, fanfic, glee, writing"
2012-10-26 23:28:27 GMT,"BatFam, DickxTim, Tim Drake, dick grayson, hurt/comfort, I wanted to be nothing fic"
2012-10-26 03:00:14 GMT,"hurt/comfort, h/c, on the prowl, vid, multifandom"
2012-10-25 02:14:00 GMT,"sterek, stiles, derek, teen wolf, hurt/comfort, slash, fic, gnomes, sour wolves, are trolls"
2012-10-24 17:15:00 GMT,"I wanted to be nothing fic, Tim Drake, Dick Grayson, BatFam, hurt/comfort, multi chapter fic"
2012-10-22 21:55:51 GMT,"open rp, hurt/comfort, he and I need a moment to be parented rather than doing the parenting"
2012-10-20 17:42:00 GMT,"arthur, fic, hurt/comfort, merlin, prompts, whumping"
2012-10-19 11:19:00 GMT,"hurt, comfort, hurt/comfort"
2012-10-16 22:53:08 GMT,"I've been wanting to get my head!canon version of Kalinda's past out in fic form for a long time, but this isn't the answer, What I *am* going to do is stick to, overly fluffy, hurt/comfort, Kalicia fic, because that's what I do best, I need to finish working title: 'Halloween', I don't need another project, I don't, (Please someone talk me out of this.), TW: Domestic Violence"
2012-10-16 21:50:00 GMT,"fanfiction, Fic, hurt/comfort, nbc revolution, miloe, can be seen as pre-slash or bromance :), I love both, a lot, Miloe, Miles/Monroe"
2012-10-15 00:08:00 GMT,"spookstar, onceler kink meme, prompt fill, oneshot, hurt/comfort, my writing"
2012-10-14 06:25:00 GMT,"klaine, klaine fic, klaine fanfiction, hurt/comfort, slave!klaine"
2012-10-14 00:04:21 GMT,"jonathan crane, edward nygma, edward nigma, riddler, hurt/comfort, slash, batman, villains"
2012-10-13 00:36:22 GMT,"fanfiction, Harry Potter, hurt/comfort, dramione, writing"
2012-10-10 23:14:57 GMT,"blueshift, hurt/comfort, fic, mine, reviews plz?"
2012-10-10 22:57:00 GMT,"anonymous, hurt!stiles, teen wolf, sterek, hurt/comfort, abused!stiles, question recs, i feel they should be seperated, recs"
2012-10-10 22:28:00 GMT,"hurt!stiles, teen wolf, trigger, sterek, hurt/comfort, non con, anonymous, ask, recs, question recs, i feel they should be seperated"
2012-10-10 03:13:00 GMT,"anonymous, i should really change that tag, to like, hurt/comfort, i'll tell a in the morning, cause h c is stupid, and i suck at this, panicattack!stiles, sterek, teen wolf, stiles has panic attacks, and sometimes derek helps, question recs, i feel they should be seperated, panic attack, recs"
2012-10-08 03:58:41 GMT,"Fanfiction, Harry Potter, Dramione, Hurt/Comfort, Romance, Writing"
2012-10-05 00:22:29 GMT,"Wincest, Supernatural, Season 8, hurt/comfort, favorite kind of fic"
2012-10-04 05:51:33 GMT,"eleven/river song, hurt/comfort, ANGELS TAKE MANHATTAN, spoilers, shakespeare"
2012-10-02 19:34:06 GMT,"sterek, hurt/comfort, fanfiction, teen wolf, ferrets, Pet loss"
2012-10-01 19:56:00 GMT,"anime, complete, descendents of darkness, fanfiction, hurt/comfort, length:medium, manga, misc fandoms, site:other, slash, tsuzuki/hisoka, yami no matsuei, rating:nc17"
2012-10-01 18:40:00 GMT,"ow, ilyls, hurt/comfort, photofunsies, for Zara and, Froso, (it's a painful birthday treat - happy birthday babe!), wozapaningle"
2012-09-30 23:11:00 GMT,"cc talks a lot, hurt/comfort, cc askreplies"
2012-09-29 05:33:00 GMT,"birdflash, young justice, romance, hurt/comfort, fanfic, otp, dick grayson | robin I | nightwing | batman II, wally west | kid flash | flash, my writing"
2012-09-28 21:36:19 GMT,"TimxDick, Hurt/comfort, Dick grayson, tim drake, slash, fanfiction, multi chapter fic, DC Universe, BatFam"
2012-09-27 23:17:00 GMT,"BatFam, DC Universe, Dick grayson, dickxtim, hurt/comfort, multi chapter fic, slash, tim drake, I wanted to be nothing fic"
2012-09-26 01:29:25 GMT,"doctor who, songfic, eleven/river song, Jack/Evie, hurt/comfort"
2012-09-25 07:57:07 GMT,"sherstrade, omegle, rp, trigger: cancer, hurt/comfort"
2012-09-25 03:35:46 GMT,"drabble, angst, hurt/comfort, cheating, story, writing, love, thinking too much, huskies4ever"
2012-09-24 18:33:00 GMT,"AIDS, Angst, HIV, Hetalia, Hurt/Comfort, T Rated, USUK, USUK fanfiction, fanfiction, ff.net, HIV Positive"
2012-09-23 11:07:25 GMT,"Larry Stylinson, larry stylinson fanfiction, fluff, hurt/comfort, song fic"
2012-09-20 21:48:04 GMT,"milky way fandom, MWF: Saturn, MWF:Pluto, Satuno, hurt/comfort, fanfic, fic, writing, AU: MWF: Saturn"
2012-09-18 05:23:00 GMT,"doctor-crane, drabble, hurt/comfort"
2012-09-16 06:20:00 GMT,"doctor who, river song, eleventh doctor, Series Seven, hurt/comfort, areyoumarriedriver"
2012-09-14 18:28:06 GMT,"sherlock BBC, fanfic, hurt/comfort, romance, Mycroft Holmes, gregory lestrade, Sherlock Holmes"
2012-09-12 03:57:00 GMT,"whimsychimesy, fic rec, one shot, mates, hurt/comfort, k's feedback"
2012-09-12 03:08:41 GMT,"supernatural, sabriel, NC-17, hurt/comfort, fanfiction"
2012-09-11 19:59:00 GMT,"avengers, complete, fanfiction, hulk, hurt/comfort, hurt/recovery, iron man, kink meme, length:medium, lj, rating:r, slash, tony/bruce, bruce banner"
2012-09-11 07:56:04 GMT,"daejae, fanfiction, smut, romance, hurt/comfort, kpop yaoi"
2012-09-08 10:52:38 GMT,"Destiel, DEANCAS, wing!kink, h/c, hurt/comfort"
2012-09-07 16:32:00 GMT,"Fanfiction, Jarson St. Phillips, Phillips-Hummel Twins AU, Hurt/Comfort, Carson is the Most Awesome Big Brother Ever, carson phillips, Kurt Hummel, My writing"
2012-09-07 00:32:22 GMT,"fanfiction, edina nigma, cellocrane, fluff, hurt/comfort"
2012-09-06 19:56:57 GMT,"Drarry, Draco Malfoy, Harry Potter, Hurt/Comfort, Draco x Harry"
2012-09-04 06:43:51 GMT,"avengers, pokemon, tony stark, hurt/comfort"
2012-09-03 01:42:38 GMT,"spoilers, Asylum of the Daleks, eleven/river song, hurt/comfort, madis-hartte, areyoumarriedriver, savvyliterate"
2012-09-02 19:35:50 GMT,"scott and bailey, Janet Scott, rachel bailey, Hurt/Comfort, lesley sharp, suranne jones, Suranne and Lesley"
2012-09-01 18:13:00 GMT,"hunger games, the hunger games, angst, romance, hurt/comfort, drama, peeta, katniss"
2012-09-01 18:03:00 GMT,"hunger games, the hunger games, angst, romance, hurt/comfort, drama, katniss, peeta"
2012-08-28 06:02:00 GMT,"daejae, fluff, hurt/comfort, kpop yaoi, romance, smut, yaoi"
2012-08-24 14:06:00 GMT,"fic rec, one shot, a, hurt/comfort, pack, teen up, count: under 5k, pack dynamics, insecure!stiles, scott brotp, isaac brotp, scent marking, emotional pain, marking, fluff, calling stiles mom, pack mom stiles, antipack, pack dad derek"
2012-08-23 09:18:14 GMT,"hurt/comfort, unique perspectives, spudmeister, chatlogs, i think he gets it, i think"
2012-08-19 06:35:37 GMT,"JuneJuly15, fic, Johnlock, reunion fic, hurt/comfort, love, fluff, happy ending, confrontation, post-Reichenbach"
2012-08-18 04:57:11 GMT,"leaving someone, you deserve better, hurt/comfort, quote, sad quotes, being hurt by someone you love, life quote, toxic relationships"
2012-08-17 21:34:00 GMT,"one shot, fic rec, a, future, hurt/comfort, soul bonding, mates, teen up, count: under 10k, soul bond"
2012-08-16 02:28:00 GMT,"character study, destiel, favorite sex scene, hurt/comfort, pg13, post S7, proxydialogue, purgatory, r, supernatural, hurt!dean, first time"
2012-08-15 18:06:00 GMT,"sherlock, fanfiction, hurt/comfort, humor"
2012-08-14 17:23:00 GMT,"JuneJuly15, Johnlock, fic, hurt/comfort, love, reunion, post-Reichenbach"
2012-08-14 07:39:00 GMT,"klaine, glee, fic rec, hurt/comfort, mine"
2012-08-13 18:09:53 GMT,"sherlock, johnlock, fanfiction, romance, hurt/comfort, angst"
2012-08-12 22:35:00 GMT,"sherlock, johnlock, fanfiction, romance, hurt/comfort, angst"
2012-08-12 17:05:07 GMT,"Johnlock, fic, post-Reichenbach, fluff, hurt/comfort, love, JuneJuly15"
2012-08-09 01:34:06 GMT,"fanfic, hurt/comfort, self harm, cutting, Doctor Who, caring, i just..., im sorry"
2012-08-04 16:37:09 GMT,"Joo Won, Jin Se Yeon, hurt/comfort, Gaksital, Bridal Mask"
2012-08-03 16:20:00 GMT,"AU, Johnlock, hurt/comfort, love, post-Reichenbach, reunion fic, sequel Beginnings, slash, fanfic, junejuly15"
2012-07-31 21:43:29 GMT,"fic rec, sherlock rec, rec, separation, hurt/comfort, fanfiction, frytha, fennishjournal, shimi, My fic, Sherlock Holmes, sherlock/john, Sherlock/Lestrade, sherlock fic, sherlock/john/lestrade, john watson, John/Sherlock, john/lestrade, johnstrade, johnlock, rites of passage, transition, ot3"
2012-07-31 17:58:00 GMT,"Castiel, Dean Winchester, Destiel, Hospitals, Hurt/Comfort, recreation series"
2012-07-31 06:02:00 GMT,"Ecriture, Sublimation, hurt/comfort, angst"
2012-07-30 19:52:00 GMT,"books, complete, fanfiction, gen, hurt/comfort, hurt/recovery, length:long, lj, misc fandoms, violence, good omens, must read, rating:pg13"
2012-07-29 13:17:22 GMT,"supernatural, destiel, favorite sex scene, hurt/comfort, smut, nc17, maskedfangirl, S5"
2012-07-27 22:02:14 GMT,"scarves and coffee, klaine fanfiction, angst, romance, hurt/comfort, kurt hummel, blaine anderson, if i die young, blowthecandlsout"
2012-07-27 18:42:12 GMT,"i must master the four elements, SMUT, FLUFF, HURT/COMFORT, I FORGET THE LAST ONE, ACTION I THINK, SMUT IS TO ME AS EARTHBENDING IS TO AANG, ACTUALLY SO IS ACTION, EVERYTHING IS MY EARTHBENDING GOD I SUCK"
2012-07-27 13:51:00 GMT,"supernatural, hurt/comfort, 2014!cas, 2014!dean, character death, angst, pg13, destiel"
2012-07-23 19:18:54 GMT,"fics, favorite fics, sherlock, leave the signs and the sirens, hurt/comfort, out_there, God this fic gives me far too many feels"
2012-07-23 10:57:21 GMT,"wincest, fic, hurt/comfort, self-harming!dean, kind of suicidal!Dean, season 1 - 6, rating: t"
2012-07-22 03:08:48 GMT,"fanfic, sob, Doctor Who, i just want to write, hurt/comfort"
2012-07-18 09:11:00 GMT,"family, fic, hurt/comfort, romance, zutara, zutara week, zutara week 2012, zuko, katara, Avatar The Last Airbender"
2012-07-16 05:17:32 GMT,"Sherlock, Fanfiction, Sherlock fanfiction, Sherlock/John, Hurt/Comfort, Lestrade"
2012-07-15 17:50:22 GMT,"I am here, fanfic, fanfiction.net, johnlock, hurt/comfort"
2012-07-15 07:11:55 GMT,"klaine fic, hurt/comfort, cuddle!fic, my glee fic"
2012-07-14 22:02:00 GMT,"Supernatural, destiel, FAVORITE, BAMF!CAS, hurt/comfort, heaven, fluff, pg13, S4, whump, aesc"
2012-07-14 02:34:25 GMT,"ronin warriors, hurt/comfort, hurt!cye"
2012-07-13 10:42:00 GMT,"Glee/THG crossover, Klaine fanfiction, Glee, Drama, Hurt/Comfort, AU, No one has to understand verse"
2012-07-12 10:51:00 GMT,"Broh, hurt/comfort, well kinda, Bolin, Iroh, Iroh II, Iroh being both badass and kinda heartbreaking, fanfic, LoK"
2012-07-10 08:09:00 GMT,"personal, fanfic, hurt/comfort, fanfiction"
2012-07-09 03:48:00 GMT,"Broh, fanfic, hurt/comfort, Bolin, Iroh, Iroh II, torture, um"
2012-07-09 03:46:46 GMT,"hurt/comfort, sherlock holmes, john watson, johnlock, fic"
2012-07-03 23:29:23 GMT,"human!printer, drabble thing, writings, hurt/comfort, idk, XD, just a thing I guess"
2012-07-02 09:24:20 GMT,"hunter prime and tamos homelife, and tol and ralan, fluff, hurt/comfort, indoctrination plague wrap-up?, idk, drabble thing, writings"
2012-07-01 15:55:00 GMT,"captain america, domestic avengers, fanart, hurt/comfort, iron man, musaril, peter parker, spiderman, steve rogers, superdads, superfamily, superhusbands, tony stark, tonypetersteve, avengers, manip by musaril, manip"
2012-06-30 18:24:00 GMT,"Favorite, Rated: T, chaptered, drarry, hurt/comfort"
2012-06-26 22:59:00 GMT,"weechesters, wee!chesters, Sam, Dean, hurt/comfort, SPN, Supernatural, Breakable, Ingrid Michaelson, ficlet, fanfiction, frequentlynotonboats, Kurois Writing, kurois fanfiction"
2012-06-24 18:36:00 GMT,"Klaine, I kissed a girl, glee, hurt/comfort, romance, K"
2012-06-19 04:26:00 GMT,"30 Seconds to Mars, Jared Leto, Shannon Leto, Letocest, Hurt/Comfort, Gout"
2012-06-18 23:27:58 GMT,"sherlock, sherlock holmes, john watson, guns, hurt/comfort"
2012-06-18 23:23:00 GMT,"sherlock, john watson, sherlock holmes, hospital, hurt/comfort"
2012-06-18 01:19:00 GMT,"chakotay, hurt/comfort, janeway, mental angst, star trek, voyager, janeway/chakotay"
2012-06-16 14:57:00 GMT,"Angst, Derek, Hurt/Comfort, Maybe Sterek?, Stile's Mom, Stiles, Teen Wolf, Derek Hale, Sterek"
2012-06-16 13:32:59 GMT,"White Collar, fanfiction, hurt/comfort"
2012-06-16 08:11:00 GMT,"Avengers, Fanfic, Spiderman, Friendship, Hurt/comfort, Humor"
2012-06-14 13:47:50 GMT,"Rizzoli and Isles, Rizzoli and Isles fanfiction, Rizzles, Fanfiction, Hurt/Comfort, Crime, Angst, Romance"
2012-06-13 18:15:00 GMT,"Hurt/comfort, LokiXTony, angst, college AU, fanfic, frostiron, What hurts the most, part 1"
2012-06-12 23:47:19 GMT,"dany x jorah, jorah mormont, daenerys targaryen, hurt/comfort, AU"
2012-06-03 15:41:09 GMT,"angst, omegle, RP, sherlock, hurt/comfort, johnlock"
2012-06-03 13:54:00 GMT,"sherlock, bbc sherlock, sherlock bbc, h/c, hurt/comfort, fanfic, my fanfic, sherlock fic, not sick, sick fic, homor, homour, john watson, sherlock holmes"
2012-06-03 10:03:00 GMT,"benedict cumberbatch, devil, devil's trill, hurt/comfort, reichenbach, sherlock, sherlock playing violin, tragic, violin, benedict cumberbatch and violin"
2012-06-01 11:50:14 GMT,"blue_fish, Inception, arthur/eames, Mature (AO3), hurt/comfort, cuddling, Kissing"
2012-05-30 23:15:23 GMT,"sorry this is shit, Porton, Porter, Anton, hurt/comfort, fluff, antonslavaskiing"
2012-05-29 22:00:12 GMT,"ff, korra, asami, korrasami, hurt/comfort, korra fanfiction, korra fic, korra fanfic, lok, lok fanfic, lok fic, lok fanfiction, Ange Sinistre"
2012-05-29 00:33:33 GMT,"bolin, ff, hurt/comfort, korra fanfic, korra fanfiction, korra fic, probending, toza, ProcrastinatingPalindrome"
2012-05-28 20:01:51 GMT,"angst, ff, hurt/comfort, korra, korra fanfic, korra fanfiction, korra fic, mako, makorra, romance, tanho, tanhorra, bespectacled squid"
2012-05-20 10:48:32 GMT,"Shameless self promotion, I had fun writing it though soo, drama, hurt/comfort, BBC Sherlock, fanfiction, BBC Sherlock fanfiction, sherlock fanfiction"
2012-05-19 16:41:00 GMT,"balthazar, calthazar, castiel, fanfic, hurt/comfort, supernatural, ficlet"
2012-05-19 07:25:00 GMT,"general, hurt/comfort, spiritual, Alexis and her imagination"
2012-05-17 11:55:00 GMT,"just something that fits my mood, sigh hate PMS so much, writing, hurt/comfort"
2012-05-17 03:29:00 GMT,"merthur, merlin, hurt/comfort, fanfiction, fic rec"
2012-05-12 23:22:48 GMT,"Team Fortress 2, TF2, medic, scout, hurt/comfort, manly adorable bastards, art tag"
2012-05-12 07:02:06 GMT,"bbc sherlock, fanfiction, hurt/comfort, john watson, post-reichenbach, rating: t, sherlock, sherlock holmes, sherlocked"
2012-05-10 04:39:34 GMT,"Sasuke, Naruto, fanfiction, hurt/comfort, friendship, one-shot"
2012-05-07 18:13:27 GMT,"White Collar, fanfiction, multifandom, hurt/comfort"
2012-05-06 15:18:00 GMT,"friendship, hurt/comfort, romance, Alexis and her imagination"
2012-05-06 05:41:00 GMT,"John Watson, Seeking John, Seeking Johnlock, Sherlock Holmes, hurt/comfort, omegle, omeglelock, shermegle, atrickstertype"
2012-05-04 18:12:00 GMT,"Mass Effect, Kaidan Alenko, femshep, hurt/comfort, Fanfiction, Dark Revelations"
2012-05-03 12:17:00 GMT,"Fanfiction, Kaidan Alenko, Mass Effect, femshep, hurt/comfort, Dark Revelations"
2012-05-02 01:08:12 GMT,"fandom, hurt/comfort"
2012-05-02 00:23:12 GMT,"hurt/comfort, sksjdjhsha"
2012-05-01 04:20:00 GMT,"quadrants for everyone, hurt/comfort, literally my favorite, gpoy, homestuck"
2012-04-29 07:03:00 GMT,"half-blind York is fun to write, hurt/comfort, i never expected to be writing these two so much, Red vs Blue, York/Carolina, happy Freelancer dinner parties"
2012-04-28 09:18:00 GMT,"bruceclint, hurt/comfort, fanfic"
2012-04-26 06:21:30 GMT,"homestuck, hurt/comfort, sickfic, this is a bad idea"
2012-04-24 18:01:01 GMT,"30 Days of Writing Fanfic, Iambic Pentameter, but i'm a cat person, hurt/comfort, madoka"
2012-04-23 20:43:18 GMT,"supernatural fanfic, supernatural fanfiction, sam + cas, friendship, hurt/comfort, drabblet"
2012-04-23 02:31:00 GMT,"Boy Meets World, Shawn Hunter, Cory Matthews, hugging, hurt/comfort, comfort, video"
2012-04-21 08:58:15 GMT,"karkat, signless, i drew this, finished, hurt/comfort, homestuck, blood, abloo bloo bloo"
2012-04-19 19:43:30 GMT,"White Collar, fanvid rec, Neal/Peter bromance, hurt/comfort"
2012-04-18 17:34:00 GMT,"Samifer, supernatural fanfiction, fluff, hurt/comfort, Sam Winchester, Lucifer, puppetere, cupcake writes, AU"
2012-04-18 13:52:00 GMT,"Samifer, angsty fluffy stuff, cupcake writes, hurt/comfort, puppetere, supernatural fanfiction, Sam Winchester, Lucifer"
2012-04-17 23:47:08 GMT,"fanfiction, prompts, yjriddler, swagriddler, hurt/comfort, angst, cuddles, riddlers, riddler, edward nigma"
2012-04-10 18:12:00 GMT,"White Collar, Neal Caffrey, Peter Burke, hurt/comfort"
2012-04-10 05:38:00 GMT,"Angst, Feels, Fox can write, Hurt/Comfort, Performance, Robin, Superboy, Young Justice, Dick Grayson, Fox Writes Things"
2012-04-09 14:01:22 GMT,"Gundam Wing, Heero Yuy, Quatre Winner, hurt/comfort, injured, my art"
2012-04-07 06:35:50 GMT,"Doctor Who, Amy Pond, Rory Williams, Hurt/Comfort, Fic"
2012-04-07 06:16:22 GMT,"Doctor Who, Amy Pond, Rory Williams, Hurt/Comfort, Fic"
2012-04-05 23:15:42 GMT,"gadge, M, romance, hurt/comfort, in progress, gale hawthorne, madge undersee, fanfiction, thgfic, the hunger games"
2012-04-05 19:14:45 GMT,"gadge, gale hawthorne, madge undersee, hurt/comfort, drama, angst, romance, T, lj, complete"
2012-04-05 18:00:18 GMT,"30 Days of Writing Fanfic, Iambic Pentameter, colbert report, hurt/comfort"
2012-04-03 02:11:00 GMT,"Princess Tutu, Fakir, Mytho, Prince Siegfried, hurt/comfort, injured, my art, bromance"
2012-04-02 20:42:55 GMT,"White Collar, fanfiction, hurt/comfort"
2012-03-31 02:46:51 GMT,"oh the feels, hurt/comfort, ugh, Harry Potter"
2012-03-30 23:18:42 GMT,"supernatural, wasted occasions, The Born-Again Identity, Sam Winchester, hurt/comfort, fucking writers"
2012-03-27 17:44:33 GMT,"hurt/comfort, slash, doctor who, ninth doctor, jack harkness"
2012-03-24 18:17:00 GMT,"Sherlock, John Watson, Johnlock, fanfiction, hurt/comfort, suicide, post-reichenbach, first kiss, first time"
2012-03-18 04:05:24 GMT,"hurt/comfort, flailing, flawless, McGonagall, Harry Potter"
2012-03-17 15:05:02 GMT,"fanfiction, slash, fluff, hurt/comfort, week masterposts, sherlock, bbc sherlock, spirit animals, blog news and updates, johnlock, sherlock fanfiction"
2012-03-15 12:50:13 GMT,"hurt/comfort, Harry Potter, fanfiction, McGonagall"
2012-03-12 19:52:33 GMT,"bbc sherlock, hurt/comfort masterpost, hurt/comfort, sherlock/john, bromance, slash, angst, fluff, cableknitbowtiesarecool, brbsoulnomming, kaisielin, himitsu, anchors, krystalicekitsu, vampirepam, youaremyscience, doodle, round_robin, chicagoartnerd, casey-bee, missilemuse, toniprufrock, sherlock holmes/john watson, sickness, insomnia, smut, johnlock, sherlock fanfiction"
2012-03-12 00:01:00 GMT,"sherlock, sherlock fanfiction, bbc sherlock, hurt/comfort, fluff, general violence, bamf, violence, romance, smut, monday, tuesday, wednesday, thursday, friday, sherlock gif, supernatural gif, charlie mcdonnell gif, benedict cumberbatch gif, blog news and updates"
2012-03-11 20:41:38 GMT,"White Collar, fanfiction, hurt/comfort, Kid!Fic"
2012-03-09 19:32:46 GMT,"White Collar, fanfiction, hurt/comfort"
2012-03-03 00:40:32 GMT,"Guys lol, the angst is not inert, Allen Walker, Kanda Yuu, Hurt/Comfort, Fanfiction"
2012-03-02 23:06:00 GMT,"fics, Klaine, hurt/comfort, angst"
2012-03-02 08:55:37 GMT,"Mass Effect, amelia shepard, liara, fanfiction, hurt/comfort, fluff, angst"
2012-02-29 17:11:05 GMT,"merlin, fanfiction, hurt/comfort, angst, pg"
2012-02-27 15:47:56 GMT,"faberry, hurt/comfort, glee, fic, fanfic, fanfiction.net, CreativeWr1ter"
2012-02-27 06:37:56 GMT,"Zingled, Sherlock, Friendship, sick, hurt/comfort, Sebastian, Moran, John, Watson, chat"
2012-02-26 00:46:26 GMT,"hetalia, Hurt/comfort, so beautiful, Fic Rec"
2012-02-24 09:59:00 GMT,"samifer, fanfiction, one-shot, self-harm, hurt/comfort, hal!lucifer, when sam decides pressing the wound is no longer enough, the flames get too hot and Lucifer is cold"
2012-02-24 04:04:38 GMT,"bbc sherlock, hurt/comfort, hurt and comfort, fanfiction"
2012-02-18 14:34:00 GMT,"18 rating, Fic, Hurt/Comfort, Sherlock, Sherlock!Rec, Warning!MentalIllness, Warning!SelfHarm, Warning!Triggers, fanfiction, rec, romance, sherlock/john, Johnlock"
2012-02-16 20:24:05 GMT,"p!ink, big time rush, Song Drabble, hurt/comfort, friendship"
2012-02-13 13:46:00 GMT,"Duo Maxwell, Quatre Winner, bromance, hurt/comfort, my art, Gundam Wing"
2012-02-12 20:44:56 GMT,"needsmoreyellow, fanfiction, destiel, one-shot, hurt/comfort, eeeep, yes, this has happened"
2012-02-11 22:53:56 GMT,"scarf reads, never enough, keitorin asthore, angst, hurt/comfort, complete, one shot"
2012-02-09 05:26:09 GMT,"scarf reads, definition, hedgerose, hurt/comfort, angst, wip"
2012-02-06 22:35:49 GMT,"Angst RP, Verge of Insanity, Hurt/Comfort"
2012-02-06 21:34:43 GMT,"Because like, fluff, angst, badly written stories, hurt/comfort, domestic, ALL OF THEM BASICALLY"
2012-02-06 18:21:00 GMT,"hurt/comfort, I desire it"
2012-02-05 06:38:00 GMT,"Boss and Rookie, Death, Fatal Fatalty, hurt/comfort, story, cops"
2012-02-04 18:12:00 GMT,"Dean Winchester, Ficlet, Hurt/Comfort, Sam Winchester, Supernatural, myfics"
2012-02-03 23:40:59 GMT,"story, short, winter, hurt/comfort"
2012-01-31 19:20:00 GMT,"hurt/comfort, well, dang, i hate fics like that, why can't people ever ask for me to rec fics about sex or ones in which remus' eyes are described as 'orbs'?, i have millions of those, heh, orbs"
2012-01-31 02:02:00 GMT,"Sherlock, BBC, Sherlock/Mycroft, Hurt/comfort, Angst, Torture, Fanfiction"
2012-01-31 01:14:00 GMT,"my first finished WIP, hurt/comfort, angst, smut, just yes read it because it was my life and soul, future!klaine fanfiction"
2012-01-29 14:11:00 GMT,"significant others, lovely-sparkle, hurt/comfort, complete, future fic, multichapter, angst, nc17"
2012-01-29 06:06:43 GMT,"bigbardafree, boostle, hurt/comfort, blue beetle, booster gold, ted kord, boostle, so tired rn, don't worry getting to the other prompts! just got an idea for this one, writin'"
2012-01-27 17:26:44 GMT,"while you were away, important stuff, chapter 9: control, klaine fanfiction, hurt/comfort, angst, kurt sick!fic, fluff, glee fanfiction, there's no place like home, fics by sarah"
2012-01-26 23:48:00 GMT,"klaine fanfiction, Sick!Kurt, sick!fics, angst, hurt/comfort, glee fanfiction, fic: there's no place like home, blangst, all my fics"
2012-01-24 02:22:25 GMT,"Merlin, fanfiction, Fanfic Recs, Magic Reveal, Hurt/Comfort, rating: r, Hunith, pairing: none, pairing:arthurxmerlin, rating:pg13"
2012-01-23 13:58:31 GMT,"fanfic, justice, xavier de rosnay, gaspard auge, hurt/comfort"
2012-01-21 05:12:00 GMT,"death, friendship, healing, hurt/comfort, loss, short story, suicide, writing, postage paid"
2012-01-17 05:12:00 GMT,"angsty, au, fanfiction, hurt/comfort, jesse/andrew, rpf, team narendra, tsn-a-thon, self-harm, drug addiction, jesse x andrew"
2012-01-13 14:02:55 GMT,"kurt hummel, fanfic, dave karofsky, angst, hurt/comfort, klaine"
2012-01-13 00:15:05 GMT,"klaine, angst, kurt hummel, david karofsky, hurt/comfort"
2012-01-10 14:15:37 GMT,"homestuck, karkat, john, fluff, hurt/comfort"
2011-12-31 20:13:00 GMT,"robin, dick grayson, bruce wayne, adorable, hurt/comfort, fanfiction"
2011-12-28 22:15:00 GMT,"our time is short, ALL MY FICS, crisscolfer rpf, angsty goodness, hurt/comfort, alexeidarling, world's best beta"
2011-12-22 22:30:37 GMT,"hurt/comfort, Lestrade!Whumpage, Lestrade, Sherlock, John Watson"
2011-12-19 04:55:00 GMT,"scarf reads, i've been looking for you forever, chloe winchester, kuhjfbalskjdf eebfksd feels, hurt/comfort, romance"
2011-12-12 05:40:52 GMT,"Merlin BBC show, Hurt/Comfort, Angst, Whump, Mystery, Friendship, reveal, post-reveal, Merlin, Arthur, Gwain, Lancelot, Percival, Gaius, Guinevere, Leon, Kilgarrah, Morgana, Morgause, Uther, Ultra-Geek, Multi-Chapter, gen fic, fygf"
2011-12-09 19:16:43 GMT,"hurt/comfort, fannish tropes, my B5 ramblings, avelera"
2011-12-03 01:29:00 GMT,"angst, hurt/comfort, sasusaku, fanfiction, sorry! I'm a bit late with the request for sad fics ;__; gomenasai ~Abby, complete, *abby"
2011-12-01 18:22:39 GMT,"spoiler, Hawaii Five-0, Steve McGarrett, Danny Williams, hurt/comfort, was just thinking about you"
2011-11-28 15:10:05 GMT,"Gundam Wing, Heero Yuy, Quatre Winner, bromance, hurt/comfort, my art"
2011-11-24 23:55:06 GMT,"Sherlock (2010), Mycroft Holmes/Gregory Lestrade, Romance, Plot What Plot, Hurt/Comfort, Fluff, Bad Dreams, NC-17"
2011-11-23 21:35:00 GMT,"Angst, Hurt/Comfort, Rodney McKay/John Sheppard, Stargate Atlantis, telperion_15, Fix-It Fic, PG, PG-13, Multipart"
2011-11-12 16:26:40 GMT,"H50, fic rec, hurt/comfort, humor"
2011-11-12 12:23:00 GMT,"brittana, brittana fic, hurt/comfort, the first time, brittany pierce, santana lopez"
2011-11-12 05:16:56 GMT,"Sherlock, john, otp, hurt/comfort, destiel, castiel, dean winchester, supernatural"
2011-11-08 21:15:00 GMT,"Doctor Who, Fanfiction, Romance, Hurt/comfort, Rose Tyler, 10th Doctor, To be continued"
2011-11-06 19:57:00 GMT,"dameron, damian mginty, friendship, hurt/comfort, romance, the glee project, camian, cameron mithcell, cameron mitchell, run before you're dead sequel, recovering your life"
2011-11-03 23:20:00 GMT,"Re-Animator, herbert/dan, herbert west, dan cain, hurt/comfort, fanfic, my fic"
2011-11-03 18:52:48 GMT,"Criminal Minds, Hurt/Comfort, Except no comfort, Now I'm sad :("
2011-10-28 06:17:34 GMT,"Amita Ramanujan, Charlie Eppes, Alan Eppes, Romance, hurt/comfort, fanfiction"
2011-10-28 05:11:38 GMT,"wincest, Sam/Dean, supernatural, hurt/comfort, schmoop, hands, massage!fic"
2011-10-27 18:28:00 GMT,"Story: Dating the Devil, Pairing: Santana/Brittany, Glee, Love, Hurt/Comfort, Rape, Drama"
2011-10-26 10:29:00 GMT,"Story: Dating the Devil, Pairing: Santana/Brittany, Glee, Drama, Hurt/Comfort, Rape, Love"
2011-10-25 11:37:00 GMT,"Story: Dating the Devil, Pairing: Santana/Brittany, Love, Glee, Hurt/Comfort, Rape, Drama"
2011-10-23 11:54:00 GMT,"angst, hurt/comfort"
2011-10-20 18:51:00 GMT,"Gundam Wing, Quatre Winner, Heero Yuy, hurt/comfort, injured, my art, bromance, bromanceftw!"
2011-10-20 18:47:49 GMT,"Gundam Wing, Quatre Winner, Heero Yuy, hurt/comfort, injured, death, my art, bromance, bromanceftw!"
2011-10-12 20:40:00 GMT,"blaine anderson, future fic, glee, hurt/comfort, klaine, kurt hummel, romance, fanfiction"
2011-10-08 05:33:00 GMT,"drarry, fanfiction, hurt/comfort, cross-dressing, rating: R, words: 16000"
2011-10-05 18:05:34 GMT,"glee, fan fiction, angst, klaine, hurt/comfort, blaine anderson, Kurt Hummel"
2011-10-05 09:49:00 GMT,"drarry, fanfiction, rating: NC-17, hurt/comfort, oneshot, angst, non-con"
2011-10-05 04:15:00 GMT,"Klaine, Drabble, Hurt/Comfort, Slight angst?"
2011-09-30 03:31:00 GMT,"Unkissed Kisses and Songs Never Sung, femmequixotic, R, romance, hurt/comfort, smut, drarry, harco, 5star, oneshot, Week 2, Post War, fanfiction"
2011-09-26 21:03:00 GMT,"klaine, glee, blaine anderson, angst, hurt/comfort, fanfiction, alexeidarling"
2011-09-23 14:44:00 GMT,"Dean Winchester/Castiel, Hurt/Comfort, NC-17, Supernatural, a_carnal_mink, Wing!porn"
2011-09-20 06:24:00 GMT,"crisscolfer, rpf, boys being adorable, hurt/comfort, angst, chris colfer/darren criss pairing, otp: chris colfer/darren criss"
2011-09-04 16:06:00 GMT,"fanfiction, hurt/comfort, h/c, illness, sickness"
2011-09-01 06:28:30 GMT,"fanfiction, hurt/comfort, klaine, le sigh"
2011-08-31 14:26:32 GMT,"fanfiction, h/c, hurt/comfort, ff, fanfic, fiction, hurt, thoughts"
2011-08-30 18:26:00 GMT,"Aragorn, Lord of the Rings, Sam Gamgee, hurt/comfort, injured, my art, hobbits"
2011-08-16 13:00:05 GMT,"Bellatrix Lestrange, Fanfiction Rating: Teen, Hurt/Comfort, Narcissa Malfoy, Non-Canon, Fanfiction"
2011-08-11 04:30:05 GMT,"Merlin, Merthur, Hurt/comfort, Don't mind me I'll just give myself a neck massage over here., Becca writes Merthur, Camping queue!"
2011-07-31 22:32:05 GMT,"angst, hurt/comfort, james potter, lily evans, lily potter, harry potter, harry potter fanfiction, fanfic, fic rec, harry potter fic rec, fanfic rec"
2011-07-29 04:36:05 GMT,"!Rated M, !Complete, !FF.net, angst, hurt/comfort, Baby Fic, !Multi-chaptered"
2011-07-27 09:43:00 GMT,"kurt hummel, sue sylvester, glee, fanfic, hurt/comfort, story"
2011-07-27 03:32:47 GMT,"!Rated PG, !lj, !Complete, Drama, hurt/comfort, season 3"
2011-07-21 17:34:00 GMT,"Gerita, Angst, GermanyxItaly, Human Nature, Hurt/comfort"
2011-07-16 19:05:00 GMT,"fanfiction, glee, hevans, hurt/comfort, kum, kurt, kurtsie, more rumours, romance, rumours, sam, sam and kurt, sam leaving, sammites, whatever else i can tag it with :L, justnobodygirl, cathalftw"
2011-07-08 05:12:57 GMT,"Fanfiction, Glee, Faberry, Faberryfic, Hurt/comfort, Prompt Fill, FF.net"
2011-07-05 16:15:03 GMT,"Sherlock, john, fanart, comic, hurt/comfort"
2011-06-22 02:23:02 GMT,"!Rated PG13, !Complete, !lj, hurt/comfort, +Cameron"
2011-06-18 15:54:00 GMT,"Jemma, Jenny, Emma, fanfic, hurt/comfort, Hand aufs Herz"
2011-06-14 06:14:13 GMT,"sad, fanfiction, inception, hurt/comfort"
2011-06-05 15:28:33 GMT,"mark owen, jason orange, hurt/comfort, take that"
2011-05-23 01:32:00 GMT,"Glee, fanfiction, angst, hurt/comfort, self harm, Kurt Hummel, Finn Hudson"
2011-05-02 00:27:00 GMT,"klaine, angst, hurt/comfort, recovery, nikkithedead, glee fanfiction, rape fiction"
2011-04-28 04:02:00 GMT,"fringe,, polivia,, fringe fic, hurt/comfort, post-ep"
2011-04-22 02:38:21 GMT,"Degrassi, Fitz, Clare, Tragedy, Hurt/Comfort, Fanfiction"
2011-04-16 09:37:24 GMT,"PG-13, Hurt/Comfort, Angst, fic, Snafu/Sledge"
2011-04-02 03:28:00 GMT,"flashfiction365, hurt/comfort, prompt, prose, simple thoughts, creative writing"
2011-03-15 09:58:26 GMT,"girl!Sam, Wincest, hurt/comfort, whiskering"
2011-03-14 01:37:52 GMT,"Tim/Kon, Hurt/Comfort, Slight Angst, Fanfic fail *sigh*"
2011-03-09 22:52:11 GMT,"SUPERNATURAL, HURT/COMFORT, FICS"
2011-03-02 14:34:59 GMT,"Dark!Dean/Fallen!Cas, 'The End', Hurt/Comfort"
2011-02-27 06:49:00 GMT,"drabble, flashfiction365, hurt/comfort, prompt, robots, say it again, vignette, prose, scifi"
2011-01-28 18:45:46 GMT,"fanfiction recs, Sherlock, hurt/comfort, John Watson, someone needs hugs"
2011-01-17 11:40:26 GMT,"Glee, fanfiction, Kurt, Wes, hurt/comfort, fic rec"
2011-01-15 20:09:00 GMT,"30 Seconds To Mars, drama, hurt/comfort, jared leto, ofc, rated R, rated X"
